table,pages,rows
Across Years Comparison,3,17
Table A - School Enrollment,4,21
Table B - Demographic Changes,5,3
Table C - Native Language,6,10
Table D - Accepted to Magnet School,7,15
Table 1 - Student Enrollment,"10,11,12,13,14,15,16,17,18,19,20",127
Table 2 - Enrollment by Grade,21,20
Table 3A - Kindergarten Enrollment,22,14
Table 3B - Pre-Kindergarten Experience for Kindergarteners,23,4
Table 3C - Pre-K Experience for Kindergarteners by School,24,14
Table 4 - Low Income Enrollments,25,20
Table 5 - Students with IEPs by School,26,20
Table 6 - K-5 TWI Enrollment,27,6
Table 7 - Students not Attending their Attendance Area School,28,13
Table 8A - Bessie Rhodes Enrollment by Attendance Area School,29,13
Table 8B - King Arts Enrollment by Attendance Area School,30,14
Table 9 - African-Centered Curriculum (ACC) Enrollment by Attendance Area School,31,9
Table 10 - School-Age Child Care Enrollment,32,13
