Attendance Area School,Asian,Black or African American,Hispanic or Latino,Multi-racial,White,Total Enrollment
Chute Middle School,0,18,6,4,5,33
Dawes Elementary School,0,9,7,1,4,21
Dewey Elementary School,2,7,4,3,12,28
Haven Middle School,2,12,3,2,0,19
Kingsley Elementary School,0,28,22,3,14,67
Lincoln Elementary School,3,12,48,6,13,82
Lincolnwood Elementary School,0,18,27,6,4,55
Nichols Middle School,1,7,10,1,1,20
Oakton Elementary School,3,21,17,10,12,63
Orrington Elementary School,0,4,7,0,4,15
Walker Elementary School,1,17,18,0,3,39
Washington Elementary School,1,5,1,3,1,11
Willard Elementary School,7,8,2,3,4,24
