School,Low Income
Chute Middle School,277
Dawes Elementary School,146
Dewey Elementary School,97
Dr Bessie Rhodes School of Global Studies,179
Dr Martin Luther King Jr Literary & Fine Arts School,212
Family Center,5
Haven Middle School,180
Joseph E Hill Education Center,132
Kingsley Elementary School,111
Lincoln Elementary School,135
Lincolnwood Elementary School,106
Nichols Middle School,202
Oakton Elementary School,206
Orrington Elementary School,52
Park School,39
Rice Childrens Center,5
Special Education Evaluation / Services,26
Walker Elementary School,124
Washington Elementary School,166
Willard Elementary School,83
