School,Students
Chute Middle School,570
Dawes Elementary School,296
Dewey Elementary School,317
Dr Bessie Rhodes School of Global Studies,255
Dr Martin Luther King Jr Literary & Fine Arts School,420
Family Center,34
Haven Middle School,644
Joseph E Hill Education Center,236
Kingsley Elementary School,331
Lincoln Elementary School,337
Lincolnwood Elementary School,286
Nichols Middle School,611
Oakton Elementary School,366
Orrington Elementary School,223
Park School,58
Rice Children's Center,20
Special Education Evaluation / Services,133
Walker Elementary School,349
Washington Elementary School,406
Willard Elementary School,349
Total Enrollment,6241
