School,Home Day Care,More than One Pre-K Experience,No Preschool Experience,Preschool or Day Care Center,Total Enrollment
Dawes Elementary School,0,2,3,36,41
Dewey Elementary School,1,4,4,39,48
Dr Bessie Rhodes School of Global Studies,0,2,3,25,30
Dr Martin Luther King Jr Literary & Fine Arts School,0,4,1,35,40
Kingsley Elementary School,0,2,2,48,52
Lincoln Elementary School,0,7,3,35,45
Lincolnwood Elementary School,1,2,0,41,44
Oakton Elementary School,0,4,6,48,58
Orrington Elementary School,0,4,1,24,29
Park School,0,0,1,0,1
Special Education Evaluation / Services,0,0,1,4,5
Walker Elementary School,1,5,1,33,40
Washington Elementary School,0,6,1,51,58
Willard Elementary School,0,2,1,46,49
