School,Grade,American Indian or Alaska Native,Asian,Black or African American,Hispanic or Latino,Middle Eastern or North African,Multi-racial,Native Hawaiian / Other Pac Islander,White,Total Enrollment
Chute Middle School,6,0,15,48,57,0,16,0,44,180
Chute Middle School,7,0,12,59,64,0,12,1,70,218
Chute Middle School,8,0,6,49,55,0,14,0,48,172
Dawes Elementary School,0,0,1,10,12,0,6,0,12,41
Dawes Elementary School,1,0,2,16,10,0,1,0,18,47
Dawes Elementary School,2,0,2,13,17,0,6,0,18,56
Dawes Elementary School,3,0,2,11,15,0,6,1,13,48
Dawes Elementary School,4,0,2,11,14,0,8,1,14,50
Dawes Elementary School,5,0,1,11,22,0,4,0,16,54
Dewey Elementary School,0,1,5,3,11,0,9,0,19,48
Dewey Elementary School,1,1,9,5,11,0,3,0,25,54
Dewey Elementary School,2,0,6,9,11,0,10,0,25,61
Dewey Elementary School,3,0,5,8,8,0,3,0,22,46
Dewey Elementary School,4,2,3,8,21,0,6,0,21,61
Dewey Elementary School,5,0,3,9,12,0,4,0,19,47
Dr Bessie Rhodes School of Global Studies,0,0,0,6,20,0,3,0,1,30
Dr Bessie Rhodes School of Global Studies,1,0,0,3,25,0,1,0,4,33
Dr Bessie Rhodes School of Global Studies,2,0,0,4,29,0,2,0,4,39
Dr Bessie Rhodes School of Global Studies,3,0,0,4,25,0,1,0,5,35
Dr Bessie Rhodes School of Global Studies,4,0,0,2,26,0,1,0,3,32
Dr Bessie Rhodes School of Global Studies,5,0,0,5,16,0,0,0,2,23
Dr Bessie Rhodes School of Global Studies,6,0,0,2,18,0,1,0,0,21
Dr Bessie Rhodes School of Global Studies,7,0,0,7,10,0,1,0,1,19
Dr Bessie Rhodes School of Global Studies,8,0,1,12,9,0,1,0,0,23
Dr Martin Luther King Jr Literary & Fine Arts School,0,0,2,23,3,0,4,0,8,40
Dr Martin Luther King Jr Literary & Fine Arts School,1,0,3,25,9,0,7,0,12,56
Dr Martin Luther King Jr Literary & Fine Arts School,2,0,2,19,8,0,7,0,12,48
Dr Martin Luther King Jr Literary & Fine Arts School,3,0,3,12,4,0,6,0,15,40
Dr Martin Luther King Jr Literary & Fine Arts School,4,0,1,15,4,0,5,0,13,38
Dr Martin Luther King Jr Literary & Fine Arts School,5,0,1,19,11,0,9,0,14,54
Dr Martin Luther King Jr Literary & Fine Arts School,6,0,5,25,7,0,7,0,20,64
Dr Martin Luther King Jr Literary & Fine Arts School,7,0,0,11,7,0,7,0,16,41
Dr Martin Luther King Jr Literary & Fine Arts School,8,1,1,11,5,0,6,0,15,39
Family Center,-5,0,0,1,0,0,0,0,0,1
Family Center,-4,0,0,10,4,0,1,0,0,15
Family Center,-3,0,1,5,8,0,1,0,2,17
Family Center,-2,0,0,1,0,0,0,0,0,1
Haven Middle School,6,0,8,37,32,0,23,0,112,212
Haven Middle School,7,0,13,35,32,0,19,0,119,218
Haven Middle School,8,0,11,34,26,0,30,0,113,214
Joseph E Hill Education Center,-3,0,1,1,2,0,1,0,0,5
Joseph E Hill Education Center,-2,0,6,36,31,0,7,0,16,96
Joseph E Hill Education Center,-1,1,12,34,53,0,12,0,23,135
Kingsley Elementary School,0,0,4,9,2,0,8,0,29,52
Kingsley Elementary School,1,0,0,15,5,0,4,0,35,59
Kingsley Elementary School,2,0,1,17,2,0,9,0,24,53
Kingsley Elementary School,3,0,1,16,8,0,5,0,38,68
Kingsley Elementary School,4,0,2,12,5,0,5,0,25,49
Kingsley Elementary School,5,0,0,19,2,0,2,0,27,50
Lincoln Elementary School,0,0,6,10,3,0,5,0,21,45
Lincoln Elementary School,1,0,3,7,3,0,9,0,19,41
Lincoln Elementary School,2,0,5,15,7,1,10,0,30,68
Lincoln Elementary School,3,0,5,10,7,0,6,0,33,61
Lincoln Elementary School,4,0,3,15,10,0,10,0,24,62
Lincoln Elementary School,5,0,5,14,7,0,9,0,25,60
Lincolnwood Elementary School,0,0,0,9,3,0,4,0,28,44
Lincolnwood Elementary School,1,0,0,16,5,0,2,0,19,42
Lincolnwood Elementary School,2,0,0,17,3,0,7,0,20,47
Lincolnwood Elementary School,3,0,2,16,5,0,4,0,32,59
Lincolnwood Elementary School,4,0,0,14,5,0,4,0,24,47
Lincolnwood Elementary School,5,0,0,14,3,0,3,0,27,47
Nichols Middle School,6,0,11,25,50,0,18,0,99,203
Nichols Middle School,7,1,9,31,45,1,27,0,87,201
Nichols Middle School,8,0,5,37,48,0,24,1,92,207
Oakton Elementary School,0,0,3,21,9,0,4,0,21,58
Oakton Elementary School,1,0,1,22,16,0,5,0,12,56
Oakton Elementary School,2,0,3,24,17,0,4,0,22,70
Oakton Elementary School,3,0,2,31,11,0,6,0,15,65
Oakton Elementary School,4,0,5,28,8,0,0,0,11,52
Oakton Elementary School,5,0,0,27,16,0,7,0,15,65
Orrington Elementary School,0,0,4,2,2,0,7,0,14,29
Orrington Elementary School,1,0,7,4,2,0,4,0,23,40
Orrington Elementary School,2,0,2,5,0,0,5,0,16,28
Orrington Elementary School,3,0,13,1,2,0,6,0,21,43
Orrington Elementary School,4,0,3,6,2,0,7,0,14,32
Orrington Elementary School,5,0,1,13,3,0,5,0,29,51
Park School,-2,0,0,1,0,0,0,0,1,2
Park School,0,0,0,0,0,0,0,0,1,1
Park School,1,0,0,2,1,0,0,0,0,3
Park School,2,0,0,0,0,0,0,0,2,2
Park School,3,0,0,2,0,0,0,0,2,4
Park School,4,0,0,0,0,0,0,0,1,1
Park School,5,0,0,1,1,0,1,0,1,4
Park School,6,0,0,2,0,0,2,0,0,4
Park School,7,0,1,2,1,0,0,0,0,4
Park School,8,0,0,2,1,0,0,0,1,4
Park School,9,0,1,0,0,0,0,0,0,1
Park School,10,0,0,2,0,0,0,0,2,4
Park School,11,0,0,2,1,0,0,0,1,4
Park School,12,0,0,0,0,0,1,0,1,2
Park School,13,0,3,3,5,0,1,0,6,18
Rice Childrens Center,3,0,0,0,1,0,0,0,1,2
Rice Childrens Center,4,0,0,1,0,0,1,0,0,2
Rice Childrens Center,5,0,0,4,0,0,2,0,1,7
Rice Childrens Center,6,0,0,3,1,0,1,0,1,6
Rice Childrens Center,7,0,0,1,0,0,0,0,0,1
Rice Childrens Center,8,0,0,1,0,0,1,0,0,2
Special Education Evaluation / Services,-3,0,1,4,1,0,1,0,2,9
Special Education Evaluation / Services,-2,0,0,5,2,0,2,0,11,20
Special Education Evaluation / Services,-1,0,0,1,2,0,1,0,6,10
Special Education Evaluation / Services,0,0,0,0,0,0,3,0,2,5
Special Education Evaluation / Services,1,0,1,1,0,0,0,0,1,3
Special Education Evaluation / Services,2,0,0,3,1,0,0,0,3,7
Special Education Evaluation / Services,3,0,0,4,1,0,0,0,2,7
Special Education Evaluation / Services,4,0,1,5,1,0,1,0,3,11
Special Education Evaluation / Services,5,0,0,2,1,0,1,0,4,8
Special Education Evaluation / Services,6,0,1,5,3,0,1,0,4,14
Special Education Evaluation / Services,7,0,0,5,0,0,2,0,12,19
Special Education Evaluation / Services,8,0,0,4,3,0,3,0,10,20
Walker Elementary School,0,0,4,8,3,0,6,0,19,40
Walker Elementary School,1,0,4,14,6,0,6,0,31,61
Walker Elementary School,2,0,5,11,6,0,15,0,26,63
Walker Elementary School,3,0,5,13,10,0,5,0,16,49
Walker Elementary School,4,0,9,20,8,0,10,0,26,73
Walker Elementary School,5,0,11,16,8,0,9,0,19,63
Washington Elementary School,0,0,0,8,29,0,2,0,19,58
Washington Elementary School,1,0,1,11,24,0,7,0,16,59
Washington Elementary School,2,0,3,5,18,0,7,0,25,58
Washington Elementary School,3,0,2,8,29,0,9,0,34,82
Washington Elementary School,4,0,1,13,25,0,4,0,31,74
Washington Elementary School,5,0,2,10,27,0,7,0,29,75
Willard Elementary School,0,0,1,4,11,0,5,0,28,49
Willard Elementary School,1,0,0,8,15,0,3,0,32,58
Willard Elementary School,2,0,0,3,13,0,3,0,32,51
Willard Elementary School,3,0,1,6,17,0,2,0,42,68
Willard Elementary School,4,0,2,4,10,0,7,0,30,53
Willard Elementary School,5,0,0,11,15,0,4,0,40,70
