school,pdf_page,room_number,room_name,area_sf,occupant_load,occupancy_flag
Dr. Bessie Rhodes School of Global Studies,368,M01,BOILER,1362,5,
Dr. Bessie Rhodes School of Global Studies,368,111,GYM,3812,255,
Dr. Bessie Rhodes School of Global Studies,368,114,OFFICE,153,2,
Dr. Bessie Rhodes School of Global Studies,368,111B,STORAGE,107,1,
Dr. Bessie Rhodes School of Global Studies,368,111A,STORAGE,144,1,
Dr. Bessie Rhodes School of Global Studies,368,T02,TOILET,27,,
Dr. Bessie Rhodes School of Global Studies,368,T03,TOILET,32,,
Dr. Bessie Rhodes School of Global Studies,368,110C,H9,41,1,
Dr. Bessie Rhodes School of Global Studies,368,110B,TECH STORAGE,65,1,
Dr. Bessie Rhodes School of Global Studies,368,110A,STORAGE/OFFICE,185,2,
Dr. Bessie Rhodes School of Global Studies,368,110,CAFETERIA,1722,115,
Dr. Bessie Rhodes School of Global Studies,368,112A,BOYS LOCKER ROOM,403,9,
Dr. Bessie Rhodes School of Global Studies,368,112,AUDITORIUM,2811,391,
Dr. Bessie Rhodes School of Global Studies,368,114,ART,587,12,
Dr. Bessie Rhodes School of Global Studies,368,114A,OFFICE/STORAGE OFFICE/STORAGE,99,1,
Dr. Bessie Rhodes School of Global Studies,368,114.5,6,157,1,
Dr. Bessie Rhodes School of Global Studies,368,115,88,205,3,
Dr. Bessie Rhodes School of Global Studies,368,116,88,193,2,
Dr. Bessie Rhodes School of Global Studies,368,117,OFFICE,156,2,
Dr. Bessie Rhodes School of Global Studies,368,118,NURSE,217,3,
Dr. Bessie Rhodes School of Global Studies,368,119,HD HD,370,25,
Dr. Bessie Rhodes School of Global Studies,368,T01,TOILET,31,,
Dr. Bessie Rhodes School of Global Studies,368,121,OFFICE CTC,160,2,
Dr. Bessie Rhodes School of Global Studies,368,122A,STORAGE,49,1,
Dr. Bessie Rhodes School of Global Studies,368,122,MAIN OFFICE,260,3,
Dr. Bessie Rhodes School of Global Studies,368,100,LIBRARY,1154,24,
Dr. Bessie Rhodes School of Global Studies,368,T05,TLT,192,,
Dr. Bessie Rhodes School of Global Studies,368,T04,TLT,186,,
Dr. Bessie Rhodes School of Global Studies,368,100A,JANITOR,64,1,
Dr. Bessie Rhodes School of Global Studies,368,117A,STORAGE,13,1,
Dr. Bessie Rhodes School of Global Studies,368,112B,GIRLS LOCKER,306,7,
Dr. Bessie Rhodes School of Global Studies,368,100A,MDF,70,1,
Dr. Bessie Rhodes School of Global Studies,368,112C,STAGE,1057,71,
Dr. Bessie Rhodes School of Global Studies,369,101,CLASSROOM,962,49,
Dr. Bessie Rhodes School of Global Studies,369,102,CLASSROOM,970,49,
Dr. Bessie Rhodes School of Global Studies,369,103,CLASSROOM,1018,49,
Dr. Bessie Rhodes School of Global Studies,369,104,CLASSROOM,1047,49,
Dr. Bessie Rhodes School of Global Studies,369,106,CLASSROOM,1042,49,
Dr. Bessie Rhodes School of Global Studies,369,107,CLASSROOM,1010,49,
Dr. Bessie Rhodes School of Global Studies,369,108,CLASSROOM,959,49,
Dr. Bessie Rhodes School of Global Studies,369,109,CLASSROOM,947,48,
Dr. Bessie Rhodes School of Global Studies,369,104A,STO,99,1,
Dr. Bessie Rhodes School of Global Studies,369,105,CLASSROOM,1460,49,
Dr. Bessie Rhodes School of Global Studies,369,T10,12 H19,93,,
Dr. Bessie Rhodes School of Global Studies,369,103A,TOILET,24,,
Dr. Bessie Rhodes School of Global Studies,369,104B,TOILET,24,,
Dr. Bessie Rhodes School of Global Studies,369,106A,TOILET,25,,
Dr. Bessie Rhodes School of Global Studies,369,107A,TOILET,24,,
Dr. Bessie Rhodes School of Global Studies,370,209,OFFICE,227,3,
Dr. Bessie Rhodes School of Global Studies,370,210,CLASSROOM,199,10,
Dr. Bessie Rhodes School of Global Studies,370,200,CLASSROOM,919,46,
Dr. Bessie Rhodes School of Global Studies,370,201,CLASSROOM,965,49,
Dr. Bessie Rhodes School of Global Studies,370,202,CLASSROOM,978,49,
Dr. Bessie Rhodes School of Global Studies,370,203,CLASSROOM,1055,49,
Dr. Bessie Rhodes School of Global Studies,370,204,CLASSROOM,1081,49,
Dr. Bessie Rhodes School of Global Studies,370,205,CLASSROOM,1071,49,
Dr. Bessie Rhodes School of Global Studies,370,206,CLASSROOM,1046,49,
Dr. Bessie Rhodes School of Global Studies,370,207,CLASSROOM,968,49,
Dr. Bessie Rhodes School of Global Studies,370,208,CLASSROOM,951,48,
Dr. Bessie Rhodes School of Global Studies,370,T12,TOILET,188,,
Dr. Bessie Rhodes School of Global Studies,370,T11,TOILET,191,,
Dr. Bessie Rhodes School of Global Studies,370,211,HD,66,1,
Dr. Bessie Rhodes School of Global Studies,370,210A,CTC,67,1,
Chute Middle School,380,112,GYM,7243,483,
Chute Middle School,380,112B,STORAGE,156,1,
Chute Middle School,380,112A,STORAGE,156,1,
Chute Middle School,380,111,FITNESS CENTER,2094,42,
Chute Middle School,380,110,CLASSROOM,846,43,
Chute Middle School,380,115B,A6 EP,127,2,
Chute Middle School,380,115C,TOILET,54,,
Chute Middle School,380,115A,GIRL LOCKER ROOM,735,15,
Chute Middle School,380,114A,BOYS LOCKER ROOM,736,15,
Chute Middle School,380,114D,STORAGE,144,1,
Chute Middle School,380,114C,TLT,46,,
Chute Middle School,380,113,CLASSROOM,623,32,
Chute Middle School,380,152,BOYS,93,,
Chute Middle School,380,153,GIRLS,93,,
Chute Middle School,380,114,JC,11,1,
Chute Middle School,380,123,STORAGE,25,1,
Chute Middle School,380,119,STORAGE,19,1,
Chute Middle School,381,04,STORAGE,99,1,
Chute Middle School,381,03,STORAGE,122,1,
Chute Middle School,381,115B,EP,127,2,
Chute Middle School,381,114D,STORAGE,144,1,
Chute Middle School,381,117B,WALK-IN COOLER,72,1,
Chute Middle School,381,117C,FREEZER,69,1,
Chute Middle School,381,117D,DRY STORAGE,76,1,
Chute Middle School,381,117,KITCHEN,1392,7,
Chute Middle School,381,118,CAFETERIA,3283,219,
Chute Middle School,381,119,BOILER ROOM,1173,4,
Chute Middle School,381,139,H6,144,,
Chute Middle School,381,140,144 SF,143,,
Chute Middle School,381,120,CONFERENCE,297,3,
Chute Middle School,381,120A,OFFICE,135,2,
Chute Middle School,381,120B,OFFICE,136,2,
Chute Middle School,381,120D,18 SF,75,6,
Chute Middle School,381,120E,OFFICE,81,1,
Chute Middle School,381,120F,OFFICE,99,1,
Chute Middle School,381,120H,PATIENT ROOM,85,1,
Chute Middle School,381,120G,HEALTH CLERK,141,2,
Chute Middle School,381,120I,PATIENT ROOM,88,1,
Chute Middle School,381,120C,C106,92,1,
Chute Middle School,381,137,TLT,18,,
Chute Middle School,381,107I,STORAGE,98,1,
Chute Middle School,381,108,CLASSROOM,1107,49,
Chute Middle School,381,5-2,(MIDDLE),1459,,
Chute Middle School,381,109,MEDIA ARTS,1298,26,
Chute Middle School,381,112A,TEACHER'S RESOURCE CENTER,1178,12,
Chute Middle School,381,120K,TLT,18,,
Chute Middle School,381,107D,OFFICE,109,2,
Chute Middle School,381,107E,OFFICE,110,2,
Chute Middle School,381,108A,CUSTODIAN,47,1,
Chute Middle School,381,120J,JC,11,1,
Chute Middle School,381,120J,109,16,,
Chute Middle School,381,107H,PTA,141,1,
Chute Middle School,381,109A,STORAGE,87,1,
Chute Middle School,381,119,STORAGE,19,1,
Chute Middle School,381,117E,OFFICE,114,2,
Chute Middle School,381,C111,COURTYARD,5462,,
Chute Middle School,381,5-1,(LOWER),2556,,
Chute Middle School,381,117F,109,14,,
Chute Middle School,382,101,SPECIAL ED.,818,41,
Chute Middle School,382,104,SD,118,2,
Chute Middle School,382,103,STORAGE,152,1,
Chute Middle School,382,105,BAND,1377,69,
Chute Middle School,382,102,MUSIC,813,41,
Chute Middle School,382,106A,STORAGE,245,1,
Chute Middle School,382,106,STORAGE,359,2,
Chute Middle School,382,102A,STORAGE,216,1,
Chute Middle School,382,106B,STORAGE,273,1,
Chute Middle School,382,104,AUDITORIUM,3191,322,
Chute Middle School,382,104A,STAGE,2367,158,
Chute Middle School,382,107,WELCOME CENTER,830,9,
Chute Middle School,382,107A,S PRINCIPAL OFFICE,332,4,
Chute Middle School,382,02,BOYS H22,144,,
Chute Middle School,382,03,GIRLS,140,,
Chute Middle School,382,107B,ASST. PRINC,232,3,
Chute Middle School,382,107D,OFFICE,109,2,
Chute Middle School,382,107E,OFFICE,110,2,
Chute Middle School,382,107C,TLT EP,46,,
Chute Middle School,382,120J,CB,11,1,
Chute Middle School,382,120J,109,16,,
Chute Middle School,382,V100,VESTIBULE,90,,
Chute Middle School,382,V101,VESTIBULE,210,,
Chute Middle School,382,115,TICKET BOOTH,34,1,
Chute Middle School,382,104C,STORAGE,68,1,
Chute Middle School,382,104D,STORAGE,69,1,
Chute Middle School,382,104B,AUDITORIUM LOBBY,1386,,
Chute Middle School,383,207,SCIENCE,1095,22,
Chute Middle School,383,207A,CLASSROOM,830,42,
Chute Middle School,383,206A,CLASSROOM,835,42,
Chute Middle School,383,206,SCIENCE,1113,23,
Chute Middle School,384,210,LOCKERS,2317,,
Chute Middle School,384,10,109,146,,
Chute Middle School,384,09,BOYS,124,,
Chute Middle School,384,201A,STORAGE,149,1,
Chute Middle School,384,201,CLASSROOM,1050,49,
Chute Middle School,384,209,LIBRARY / MEDIA CENTER,3082,62,
Chute Middle School,384,208,SCIENCE,1074,22,
Chute Middle School,384,208A,STORAGE,315,2,
Chute Middle School,384,208B,PREP,130,1,
Chute Middle School,384,207B,PREP,112,1,
Chute Middle School,384,208C,JC,14,1,
Chute Middle School,384,211,LOCKERS,2292,,
Chute Middle School,384,12,BOYS,132,,
Chute Middle School,384,11,GIRLS,120,,
Chute Middle School,384,205B,PREP,134,1,
Chute Middle School,384,205A,A21 PREP,140,1,
Chute Middle School,384,205,SCIENCE,1098,22,
Chute Middle School,384,204,CLASSROOM,1075,49,
Chute Middle School,384,204B,STORAGE,23,1,
Chute Middle School,384,203B,STORAGE,130,1,
Chute Middle School,384,203A,STORAGE,134,1,
Chute Middle School,384,209B,OFFICE,93,1,
Chute Middle School,384,209A,SD,86,1,
Chute Middle School,384,5-3,BREEZEWAY (UPPER),1752,,
Chute Middle School,385,212B,S,140,1,
Chute Middle School,385,212C,S,140,1,
Chute Middle School,385,212,UPPER AUDITORIUM,2213,252,
Chute Middle School,385,213,PLATFORM,192,13,
Chute Middle School,385,203A,CLASSROOM,830,42,
Chute Middle School,385,202A,CLASSROOM,827,41,
Chute Middle School,385,202,CLASSROOM,1080,49,
Chute Middle School,385,203,ART,1354,28,
Chute Middle School,386,16,GIRLS,124,,
Chute Middle School,386,15,S,123,,
Chute Middle School,386,301A,97 72,148,1,
Chute Middle School,386,301,CLASSROOM,848,43,
Chute Middle School,386,302,SMALL GROUP,171,4,
Chute Middle School,386,303,CLASSROOM,832,42,
Chute Middle School,386,305,CLASSROOM,837,42,
Chute Middle School,386,306,CLASSROOM,821,42,
Chute Middle School,386,304,CLASSROOM,815,41,
Chute Middle School,386,308,CLASSROOM,830,42,
Chute Middle School,386,307,SMALL GROUP,76,2,
Chute Middle School,386,307B,OFFICE,81,1,
Chute Middle School,386,18,BOYS,125,,implausible (likely mislabeled nearby number); dropped
Chute Middle School,386,17,GIRLS,124,,
Chute Middle School,386,308A,OFFICE,220,3,
Chute Middle School,386,309,CLASSROOM,835,42,
Chute Middle School,386,310A,OFFICE,82,1,
Chute Middle School,386,310,SMALL GROUP,95,2,
Chute Middle School,386,312,CLASSROOM,817,41,
Chute Middle School,386,314,CLASSROOM,815,41,
Chute Middle School,386,315A,OFFICE,82,1,
Chute Middle School,386,315,SMALL GROUP,95,2,
Chute Middle School,386,316,CLASSROOM,847,43,
Chute Middle School,386,316A,33,181,1,
Chute Middle School,386,14,BOYS,134,,
Chute Middle School,386,13,GIRLS,138,,
Chute Middle School,386,317,CLASSROOM,845,43,
Chute Middle School,386,318A,OFFICE,82,1,
Chute Middle School,386,318,SMALL GROUP,78,2,
Chute Middle School,386,319,CLASSROOM,808,41,
Chute Middle School,386,320,CLASSROOM,815,41,
Chute Middle School,386,321,CLASSROOM,804,41,
Chute Middle School,386,322,SPECIAL EDU,819,41,
Chute Middle School,386,323A,OFFICE,84,1,
Chute Middle School,386,323,OFFICE,81,1,
Chute Middle School,386,324,CLASSROOM,830,42,
Chute Middle School,386,326,SMALL GROUP,468,10,
Chute Middle School,386,325,OFFICE,240,3,
Chute Middle School,386,311,CLASSROOM,849,43,
Chute Middle School,386,313,CLASSROOM,849,43,
Chute Middle School,386,316C,JC,13,1,
Chute Middle School,386,316B,TLT 316C,17,,
Chute Middle School,386,308C,MH,14,1,
Chute Middle School,386,308B,TLT CTC,16,,
Dawes Elementary School,395,6,SENSORY,209,5,
Dawes Elementary School,395,5B,TLT,27,,
Dawes Elementary School,395,5A,TLT,24,,
Dawes Elementary School,395,5,HEALTH CLERK,258,3,
Dawes Elementary School,395,1,OFFICE,243,3,
Dawes Elementary School,395,2,WORKROOM,179,2,
Dawes Elementary School,395,4,CONFERENCE ROOM,231,3,
Dawes Elementary School,395,3,V,335,4,
Dawes Elementary School,395,T01,GIRLS TLT,215,,
Dawes Elementary School,395,18B,STORAGE,44,1,
Dawes Elementary School,395,18,OFFICE,301,4,
Dawes Elementary School,395,17A,EP,165,1,
Dawes Elementary School,395,29,29A,194,2,
Dawes Elementary School,395,28,109,220,3,
Dawes Elementary School,395,27,LEARN LAB,482,5,
Dawes Elementary School,395,18A,STORAGE,68,1,
Dawes Elementary School,395,27A,TLT TLT,38,,
Dawes Elementary School,395,28A,TLT TLT,38,,
Dawes Elementary School,395,30,A1,233,3,
Dawes Elementary School,395,31,OFFICE,233,3,
Dawes Elementary School,395,33,STORAGE,464,2,
Dawes Elementary School,395,33B,HD,240,1,
Dawes Elementary School,395,33D,STORAGE STORAGE,92,1,
Dawes Elementary School,395,33E,STORAGE STORAGE,114,1,
Dawes Elementary School,395,34A,OFFICE,81,1,
Dawes Elementary School,395,32A,OFFICE,295,3,
Dawes Elementary School,395,32B,OFFICE,297,3,
Dawes Elementary School,395,19,CLASSROOM,867,44,
Dawes Elementary School,395,20,CLASSROOM,854,43,
Dawes Elementary School,395,21,CLASSROOM,854,43,
Dawes Elementary School,395,22,CLASSROOM,864,44,
Dawes Elementary School,395,23,CLASSROOM,854,43,
Dawes Elementary School,395,24,CLASSROOM,844,43,
Dawes Elementary School,395,25,CLASSROOM,844,43,
Dawes Elementary School,395,26,CLASSROOM,862,44,
Dawes Elementary School,395,34E,JANITOR,35,1,
Dawes Elementary School,395,T02,V,215,,
Dawes Elementary School,395,37,OFFICE,132,2,
Dawes Elementary School,395,6A,SENSORY,80,2,
Dawes Elementary School,395,29A,SMALL GROUP,71,1,
Dawes Elementary School,395,29B,STORAGE,49,1,
Dawes Elementary School,395,36,HD TEACHERS LOUNGE,650,44,
Dawes Elementary School,395,38A,STAGE,1180,80,
Dawes Elementary School,395,38,AUDITORIUM,2941,354,
Dawes Elementary School,395,34,CLASSROOM,1369,49,
Dawes Elementary School,395,33C,TOILET,20,,
Dawes Elementary School,395,JC01,SD,55,1,
Dawes Elementary School,395,18C,SD,51,,
Dawes Elementary School,395,33A,MECHANICAL,347,2,
Dawes Elementary School,395,35,GYM,4057,271,
Dawes Elementary School,395,39,STORAGE,229,1,
Dawes Elementary School,395,34B,TOILET,34,,
Dawes Elementary School,395,34C,TOILET,34,,
Dawes Elementary School,395,28B,15,12,1,
Dawes Elementary School,396,13,CLASSROOM,937,47,
Dawes Elementary School,396,12,CLASSROOM,936,47,
Dawes Elementary School,396,14,CLASSROOM,978,49,
Dawes Elementary School,396,11,CLASSROOM,986,49,
Dawes Elementary School,396,15,CLASSROOM,978,49,
Dawes Elementary School,396,10,CLASSROOM,978,49,
Dawes Elementary School,396,16,SPED/OT,1104,49,
Dawes Elementary School,396,9,CLASSROOM,1103,49,
Dawes Elementary School,396,16A,OFFICE,193,2,
Dawes Elementary School,396,8,CLASSROOM,693,,
Dawes Elementary School,396,17,LIBRARY,1211,25,
Dawes Elementary School,396,7,CLASSROOM,775,39,
Dawes Elementary School,396,A01B,TLT,28,,
Dawes Elementary School,396,A02C,STORAGE,29,1,
Dawes Elementary School,396,A06A,STAFF LOUNGE,387,26,
Dawes Elementary School,396,A04A,ART,1268,26,
Dawes Elementary School,396,A02A,CLASSROOM,1128,49,
Dawes Elementary School,396,A01A,CLASSROOM,1228,62,
Dawes Elementary School,396,A03A,CLASSROOM,1170,49,
Dawes Elementary School,396,A05A,MUSIC,965,49,
Dawes Elementary School,396,A09A,BOILER,221,1,
Dawes Elementary School,396,A04B,TLT 30,29,,
Dawes Elementary School,396,A04C,STORAGE,30,1,
Dawes Elementary School,396,A03B,STORAGE,30,1,
Dawes Elementary School,396,A03C,TLT,28,,
Dawes Elementary School,396,A08A,OFFICE,94,1,
Dawes Elementary School,396,A07A,OFFICE,80,1,
Dawes Elementary School,396,A05B,TLT,28,,
Dawes Elementary School,396,A08B,TLT,27,,
Dawes Elementary School,396,A01B,STORAGE,29,1,
Dawes Elementary School,396,A01C,TLT,28,,
Dawes Elementary School,396,12A,TLT,22,,
Dawes Elementary School,396,11A,H21,22,,
Dawes Elementary School,396,14A,TLT,20,,
Dawes Elementary School,396,13A,TLT,20,,
Dawes Elementary School,396,15A,TLT,20,,
Dawes Elementary School,396,10A,TLT,20,,
Dawes Elementary School,396,9A,TLT,20,,
Dawes Elementary School,396,16B,TLT,20,,
Dewey Elementary School,404,T03,WOMEN,148,,
Dewey Elementary School,404,T04,MEN,146,,
Dewey Elementary School,404,117,KITCHEN,160,10,
Dewey Elementary School,404,120,JC,69,1,
Dewey Elementary School,404,121,GYM,3542,237,
Dewey Elementary School,404,118D,STORAGE,25,1,
Dewey Elementary School,404,112,CLASSROOM,881,41,
Dewey Elementary School,404,111,OFFICE,180,2,
Dewey Elementary School,404,118E,KITCHENETTE,170,12,
Dewey Elementary School,404,118C,STORAGE,232,1,
Dewey Elementary School,404,118B,MULTIPURPOSE RM,1069,72,
Dewey Elementary School,404,112A,TOILET,58,,
Dewey Elementary School,404,119A,ELEC,46,1,
Dewey Elementary School,404,118,MULTIPURPOSE RM,1323,91,
Dewey Elementary School,404,119,STAGE,721,45,
Dewey Elementary School,404,B01,CLASSROOM,1689,85,
Dewey Elementary School,404,B02,BOILER RM,1911,7,
Dewey Elementary School,404,B01A,STORAGE,98,1,
Dewey Elementary School,405,117E,STORAGE,87,1,
Dewey Elementary School,405,116,TEACHER LOUNGE,325,24,
Dewey Elementary School,405,117D,OFFICE READING,131,2,
Dewey Elementary School,405,101A,TOILET,31,,
Dewey Elementary School,405,101,CLASSROOM,998,49,
Dewey Elementary School,405,102,CLASSROOM,796,41,
Dewey Elementary School,405,103,CLASSROOM,783,39,
Dewey Elementary School,405,104,CLASSROOM,796,41,
Dewey Elementary School,405,105,CLASSROOM,857,44,
Dewey Elementary School,405,110,CLASSROOM,1033,49,
Dewey Elementary School,405,109,CLASSROOM,807,41,
Dewey Elementary School,405,108,CLASSROOM,794,39,
Dewey Elementary School,405,107,CLASSROOM,807,41,
Dewey Elementary School,405,106,CLASSROOM,870,44,
Dewey Elementary School,405,105A,CB,38,,
Dewey Elementary School,405,1017,FIRE PUMP ROOM,120,1,
Dewey Elementary School,405,1018,ELEVATOR EQUIP. ROOM STORAGE,58,1,
Dewey Elementary School,405,1014A,EQUIP. ROOM STORAGE,28,1,
Dewey Elementary School,405,1014,STORAGE,71,1,
Dewey Elementary School,405,1013,HEALTH CLINIC,324,4,
Dewey Elementary School,405,1012,TLT,49,,
Dewey Elementary School,405,1011,TLT,61,,
Dewey Elementary School,405,1005,OFFICE,285,3,
Dewey Elementary School,405,1004,CONFERENCE,414,28,
Dewey Elementary School,405,1008,WORK RM,100,1,
Dewey Elementary School,405,1001,MAIN OFFICE,569,5,
Dewey Elementary School,405,106A,V,36,,
Dewey Elementary School,405,1010,STORAGE,96,1,
Dewey Elementary School,405,110A,TOILET,45,,
Dewey Elementary School,405,100B,STORAGE,78,1,
Dewey Elementary School,405,113,CLASSROOM,884,45,
Dewey Elementary School,405,114,CLASSROOM,891,45,
Dewey Elementary School,405,115,CLASSROOM,896,45,
Dewey Elementary School,405,117B,V,142,4,
Dewey Elementary School,405,117H,IDF,30,1,
Dewey Elementary School,405,117C,READING SENSORY,135,3,
Dewey Elementary School,405,T01,TOILET,229,,
Dewey Elementary School,405,T02,TOILET,260,,
Dewey Elementary School,405,100,JAN,89,1,
Dewey Elementary School,405,1006,97 OFFICE,56,1,
Dewey Elementary School,405,1007,WORK RM,48,1,
Dewey Elementary School,405,117K,STORAGE,210,1,
Dewey Elementary School,406,214,STORAGE,107,1,
Dewey Elementary School,406,301,OFFICE,189,2,
Dewey Elementary School,406,T05,MEN WOMEN,65,,
Dewey Elementary School,406,T06,MEN WOMEN,64,,
Dewey Elementary School,406,304,H20,29,1,
Dewey Elementary School,406,302,SD CLASSROOM,968,49,
Dewey Elementary School,406,303,CLASSROOM,830,42,
Dewey Elementary School,407,200,CLASSROOM,807,47,
Dewey Elementary School,407,201,CLASSROOM,788,39,
Dewey Elementary School,407,202,CLASSROOM,794,34,
Dewey Elementary School,407,203,CLASSROOM,797,45,
Dewey Elementary School,407,204,OFFICE,212,3,
Dewey Elementary School,407,204A,IDF,36,1,
Dewey Elementary School,407,205,CLASSROOM,885,45,
Dewey Elementary School,407,2002,KITCHEN,192,3,
Dewey Elementary School,407,206,CLASSROOM,333,16,
Dewey Elementary School,407,207,CLASSROOM,284,16,
Dewey Elementary School,407,208,CLASSROOM,790,37,
Dewey Elementary School,407,209,CLASSROOM,799,40,
Dewey Elementary School,407,210,OFFICE,253,3,
Dewey Elementary School,407,211,CLASSROOM,799,41,
Dewey Elementary School,407,212,CLASSROOM,802,38,
Dewey Elementary School,407,213,OFFICE,267,3,
Dewey Elementary School,407,214,JANITOR,89,1,
Dewey Elementary School,407,T08,TOILET,350,,
Dewey Elementary School,407,T07,TOILET,256,,
Dewey Elementary School,407,2001,LIBRARY,2748,55,
Haven Middle School,418,114,CLASSROOM,638,32,
Haven Middle School,418,124,STAFF LOUNGE,545,37,
Haven Middle School,418,T04,BOYS,173,,
Haven Middle School,418,T03,TOILET,31,,
Haven Middle School,418,124A,TOILET A6,52,,
Haven Middle School,418,112,CLASSROOM,817,41,
Haven Middle School,418,123C,STORAGE,63,1,
Haven Middle School,418,123B,STORAGE,276,1,
Haven Middle School,418,123A,STORAGE,140,1,
Haven Middle School,418,123,STORAGE,469,2,
Haven Middle School,418,121,STORAGE,378,2,
Haven Middle School,418,119A,STORAGE,291,1,
Haven Middle School,418,119,STORAGE,308,2,
Haven Middle School,418,119C,STORAGE,372,2,
Haven Middle School,418,123D,STORAGE,188,1,
Haven Middle School,418,125,STORAGE,650,3,
Haven Middle School,418,125B,STORAGE,204,1,
Haven Middle School,418,127A,STORAGE,328,2,
Haven Middle School,418,129,25 STORAGE,105,1,
Haven Middle School,418,127,BOILER ROOM,1771,6,
Haven Middle School,418,133C,STORAGE,173,1,
Haven Middle School,418,133B,STORAGE,265,1,
Haven Middle School,418,133,KITCHEN,1106,49,
Haven Middle School,418,131,LUNCH ROOM,4334,289,
Haven Middle School,418,115,CLASSROOM,578,29,
Haven Middle School,418,113,CLASSROOM,707,36,
Haven Middle School,418,111,OFFICE,202,3,
Haven Middle School,418,T02,109 109 GIRLS TOILET,186,,
Haven Middle School,418,T01,WOMEN TOILET,62,,
Haven Middle School,418,107,CLASSROOM,861,44,
Haven Middle School,418,102,CLASSROOM,682,35,
Haven Middle School,418,104,CLASSROOM,661,34,
Haven Middle School,418,106,CLASSROOM,650,33,
Haven Middle School,418,108,CLASSROOM,662,34,
Haven Middle School,418,110,CLASSROOM,824,42,
Haven Middle School,418,126,CLASSROOM,576,29,
Haven Middle School,418,128,CLASSROOM,545,28,
Haven Middle School,418,130,CLASSROOM,774,39,
Haven Middle School,418,132,CTC OFFICE,251,3,
Haven Middle School,418,124C,STORAGE,320,2,
Haven Middle School,418,119B,STORAGE,31,1,
Haven Middle School,418,133E,OFFICE PROVIDED:,61,1,
Haven Middle School,418,127B,TOILET,46,,
Haven Middle School,418,101,CLASSROOM,613,31,
Haven Middle School,418,109,STORAGE,106,1,
Haven Middle School,418,103,CLASSROOM,361,19,
Haven Middle School,418,105,CLASSROOM,656,33,
Haven Middle School,418,133A,STORAGE,332,2,
Haven Middle School,418,125A,STORAGE,108,1,
Haven Middle School,418,110A,STORAGE,111,1,
Haven Middle School,418,133D,TOILET,15,,
Haven Middle School,419,122,MULTI PURPOSE ROOM,3667,245,
Haven Middle School,419,122A,STAGE,289,20,
Haven Middle School,419,122B,STORAGE,94,1,
Haven Middle School,419,117A,H15,46,,implausible (likely mislabeled nearby number); dropped
Haven Middle School,419,116,ADMIN OFFICE,853,9,
Haven Middle School,419,117,HEALTH CLERK,172,2,
Haven Middle School,419,118,OFFICE,275,3,
Haven Middle School,419,119,CONFERENCE ROOM,424,29,
Haven Middle School,419,120,OFFICE,274,3,
Haven Middle School,419,121,PRINCIPAL,441,5,
Haven Middle School,419,02A,STORAGE,86,1,
Haven Middle School,419,AA1,CLASSROOM,898,45,
Haven Middle School,419,AA2,ART,1603,33,
Haven Middle School,419,01A,KILN,217,5,
Haven Middle School,419,AA3,CLASSROOM,760,39,
Haven Middle School,419,T05,V GIRLS TOILET,140,,
Haven Middle School,419,AA4,CLASSROOM,935,47,
Haven Middle School,419,T06,BOYS TOILET,153,,
Haven Middle School,419,04B,JANITOR CLOSET,27,1,
Haven Middle School,419,T16,TOILET,38,,
Haven Middle School,419,AA5,MUSIC,1106,49,
Haven Middle School,419,AA6,CLASSROOM,1162,49,
Haven Middle School,419,153,CLASSROOM,1010,49,
Haven Middle School,419,155,CLASSROOM,1012,49,
Haven Middle School,419,156,CLASSROOM,1012,49,
Haven Middle School,419,154,CLASSROOM,1010,49,
Haven Middle School,419,AA8,COMPUTER LAB,1270,26,
Haven Middle School,419,08C,STORAGE,101,1,
Haven Middle School,419,08A,STORAGE,58,1,
Haven Middle School,419,08B,STORAGE,64,1,
Haven Middle School,419,AA10,CLASSROOM,881,45,
Haven Middle School,419,09A,TOILET,58,,
Haven Middle School,419,09C,SD,29,1,
Haven Middle School,419,09D,STORAGE,48,1,
Haven Middle School,419,AA9,OFFICE,231,3,
Haven Middle School,419,09E,STORAGE,128,1,
Haven Middle School,419,152,OFFICE,254,3,
Haven Middle School,419,151,OFFICE SD,379,4,
Haven Middle School,419,150,CLASSROOM,1154,49,
Haven Middle School,420,214,CLASSROOM,665,34,
Haven Middle School,420,218,OFFICE,219,3,
Haven Middle School,420,216,139,77,1,
Haven Middle School,420,220,CLASSROOM,556,28,
Haven Middle School,420,T09,JC,76,1,
Haven Middle School,420,T10,S,170,,
Haven Middle School,420,222,CLASSROOM,553,28,
Haven Middle School,420,224A,OFFICE,90,1,
Haven Middle School,420,224,OFFICE,147,2,
Haven Middle School,420,223,BOYS PE OFFICE,223,3,
Haven Middle School,420,223A,CTC OFFICE,129,2,
Haven Middle School,420,221,BOYS LOCKER,1256,26,
Haven Middle School,420,212,CLASSROOM,715,36,
Haven Middle School,420,208,OFFICE,225,3,
Haven Middle School,420,206,CLASSROOM,646,33,
Haven Middle School,420,204,CLASSROOM,697,35,
Haven Middle School,420,200A,122 STORAGE,189,1,
Haven Middle School,420,200B,OFFICE,180,2,
Haven Middle School,420,200,LIBRARY,3085,62,
Haven Middle School,420,202,CLASSROOM,699,35,
Haven Middle School,420,201,CLASSROOM,622,32,
Haven Middle School,420,201A,STORAGE,102,1,
Haven Middle School,420,203,CLASSROOM,555,28,
Haven Middle School,420,T07,MEN TOILET,66,,
Haven Middle School,420,T08,GIRLS TOILET,184,,
Haven Middle School,420,205,CLASSROOM,315,16,
Haven Middle School,420,207B,OFFICE,127,2,
Haven Middle School,420,207A,OFFICE,151,2,
Haven Middle School,420,209,GIRLS LOCKERS,826,17,
Haven Middle School,420,213,STORAGE,670,3,
Haven Middle School,420,215,GYM,4595,307,
Haven Middle School,420,217A,STAGE,1247,84,
Haven Middle School,420,207C,TOILET,12,,
Haven Middle School,420,223B,TOILET,34,,
Haven Middle School,420,210,MDF,140,1,
Haven Middle School,420,217,AUDITORIUM,3487,406,
Haven Middle School,420,200C,72 OFFICE,217,3,
Haven Middle School,420,200D,OFFICE,158,2,
Haven Middle School,420,205A,TOILET,39,,
Haven Middle School,420,209,GIRLS SHOWERS,500,10,
Haven Middle School,421,302,CLASSROOM,869,44,
Haven Middle School,421,301,CLASSROOM,893,45,
Haven Middle School,421,303A,STORAGE,44,1,
Haven Middle School,421,303A,STORAGE,207,1,
Haven Middle School,421,304,CLASSROOM,989,49,
Haven Middle School,421,303,CLASSROOM,1019,49,
Haven Middle School,421,306,CLASSROOM,653,33,
Haven Middle School,421,305,CLASSROOM,566,29,
Haven Middle School,421,T11,TOILET,65,,
Haven Middle School,421,T12,109 109,183,,
Haven Middle School,421,308,CLASSROOM,664,34,
Haven Middle School,421,310,CLASSROOM,705,36,
Haven Middle School,421,312,CLASSROOM,932,47,
Haven Middle School,421,314,CLASSROOM,620,32,
Haven Middle School,421,314B,OFFICE,194,2,
Haven Middle School,421,316,SD JC,76,1,
Haven Middle School,421,T13,BOYS TOILET,172,,
Haven Middle School,421,320,CLASSROOM,547,28,
Haven Middle School,421,322,CLASSROOM,584,30,
Haven Middle School,421,309,CLASSROOM,712,36,
Haven Middle School,421,307,CLASSROOM,223,12,
Haven Middle School,421,302A,SD STORAGE,204,1,
Haven Middle School,421,318A,STORAGE STORAGE,27,1,
Haven Middle School,421,311,GYM BALCONY,1615,288,
Haven Middle School,421,311,OFFICE,258,3,
Haven Middle School,421,318,CLASSROOM,571,29,
Haven Middle School,421,314A,STORAGE STORAGE,40,1,
Haven Middle School,421,311,GYM BALCONY,1663,288,
Haven Middle School,421,300,AUDITORIUM BALCONY,1965,252,
Haven Middle School,422,402,MUSIC,1081,49,
Haven Middle School,422,402A,OFFICE,168,2,
Haven Middle School,422,400,BAND,1424,49,
Haven Middle School,422,401,CLASSROOM,938,47,
Haven Middle School,422,405,STORAGE,247,1,
Haven Middle School,422,406,STORAGE,103,1,
Haven Middle School,422,404,GREENHOUSE,549,11,
Haven Middle School,422,401A,OFFICE,132,2,
Joseph E. Hill Early Childhood Center,433,E127,GYMNASIUM,2622,275,
Joseph E. Hill Early Childhood Center,433,E129,STORAGE,215,1,
Joseph E. Hill Early Childhood Center,433,E126,KITCHEN,617,42,
Joseph E. Hill Early Childhood Center,433,E126A,OFFICE,149,2,
Joseph E. Hill Early Childhood Center,433,E125,MECH,475,2,
Joseph E. Hill Early Childhood Center,433,23,CLASSROOM,723,37,
Joseph E. Hill Early Childhood Center,433,22,CLASSROOM,696,35,
Joseph E. Hill Early Childhood Center,433,22A,V,45,,
Joseph E. Hill Early Childhood Center,433,22B,STORAGE,60,1,
Joseph E. Hill Early Childhood Center,433,23B,STORAGE,60,1,
Joseph E. Hill Early Childhood Center,433,23A,TLT,45,,
Joseph E. Hill Early Childhood Center,433,21,CLASSROOM,686,35,
Joseph E. Hill Early Childhood Center,433,19,CLASSROOM,706,36,
Joseph E. Hill Early Childhood Center,433,21A,TLT,44,,
Joseph E. Hill Early Childhood Center,433,21B,STORAGE,56,1,
Joseph E. Hill Early Childhood Center,433,19B,STORAGE,61,1,
Joseph E. Hill Early Childhood Center,433,19A,TLT,44,,
Joseph E. Hill Early Childhood Center,433,16,CLASSROOM,679,34,
Joseph E. Hill Early Childhood Center,433,16A,TLT,44,,
Joseph E. Hill Early Childhood Center,433,16B,STORAGE,72,1,
Joseph E. Hill Early Childhood Center,433,E110,TLT,47,,
Joseph E. Hill Early Childhood Center,433,E109,TLT,60,,
Joseph E. Hill Early Childhood Center,433,E107,UTILITY ROOM,15,1,
Joseph E. Hill Early Childhood Center,433,E106,OFFICE,106,2,
Joseph E. Hill Early Childhood Center,433,S101A,TLT,60,,
Joseph E. Hill Early Childhood Center,433,S101B,STORAGE,80,1,
Joseph E. Hill Early Childhood Center,433,13,OFFICE,116,2,
Joseph E. Hill Early Childhood Center,433,12,OFFICE,109,2,
Joseph E. Hill Early Childhood Center,433,11,CLASSROOM,753,38,
Joseph E. Hill Early Childhood Center,433,E124,ROOM,132,1,
Joseph E. Hill Early Childhood Center,433,20,CLASSROOM,682,35,
Joseph E. Hill Early Childhood Center,433,18,CLASSROOM,698,35,
Joseph E. Hill Early Childhood Center,433,17,CLASSROOM,690,35,
Joseph E. Hill Early Childhood Center,433,15,CLASSROOM,691,35,
Joseph E. Hill Early Childhood Center,433,14,CLASSROOM,690,35,
Joseph E. Hill Early Childhood Center,433,14A,TLT,46,,
Joseph E. Hill Early Childhood Center,433,15A,TLT,45,,
Joseph E. Hill Early Childhood Center,433,17A,TLT,45,,
Joseph E. Hill Early Childhood Center,433,18A,TLT,45,,
Joseph E. Hill Early Childhood Center,433,20A,TLT,45,,
Joseph E. Hill Early Childhood Center,433,20B,STORAGE,57,1,
Joseph E. Hill Early Childhood Center,433,18B,STORAGE,58,1,
Joseph E. Hill Early Childhood Center,433,17B,STORAGE,59,1,
Joseph E. Hill Early Childhood Center,433,15B,STORAGE,58,1,
Joseph E. Hill Early Childhood Center,433,14B,STORAGE CB,58,1,
Joseph E. Hill Early Childhood Center,433,V03,VESTIBULE,95,,
Joseph E. Hill Early Childhood Center,433,E130,TLT,42,,
Joseph E. Hill Early Childhood Center,433,E128,LAUNDRY,51,1,
Joseph E. Hill Early Childhood Center,433,E126C,FREEZER FREEZER,82,1,
Joseph E. Hill Early Childhood Center,433,E126B,FREEZER FREEZER,80,1,
Joseph E. Hill Early Childhood Center,434,10,CLASSROOM,742,38,
Joseph E. Hill Early Childhood Center,434,8,OFFICE,151,2,
Joseph E. Hill Early Childhood Center,434,10B,STORAGE,82,1,
Joseph E. Hill Early Childhood Center,434,10A,TLT,61,,
Joseph E. Hill Early Childhood Center,434,03A,TLT,61,,
Joseph E. Hill Early Childhood Center,434,03B,STORAGE,82,1,
Joseph E. Hill Early Childhood Center,434,6,OFFICE,168,2,
Joseph E. Hill Early Childhood Center,434,5,OFFICE,166,2,
Joseph E. Hill Early Childhood Center,434,3,CLASSROOM,740,38,
Joseph E. Hill Early Childhood Center,434,2,CLASSROOM,796,40,
Joseph E. Hill Early Childhood Center,434,02A,TLT,60,,
Joseph E. Hill Early Childhood Center,434,02B,STORAGE,81,1,
Joseph E. Hill Early Childhood Center,434,S112,OFFICE,192,2,
Joseph E. Hill Early Childhood Center,434,S116,ROOM,480,33,
Joseph E. Hill Early Childhood Center,434,S113,SUPERVISOR,126,2,
Joseph E. Hill Early Childhood Center,434,S114,DIRECTOR,124,2,
Joseph E. Hill Early Childhood Center,434,S118,ECC MAIN OFFICE,2179,22,
Joseph E. Hill Early Childhood Center,434,S121,OFFICE,420,5,
Joseph E. Hill Early Childhood Center,434,S120,STORAGE,730,3,
Joseph E. Hill Early Childhood Center,434,P101,CUSTODIAN,650,3,
Joseph E. Hill Early Childhood Center,434,P104,TLT,133,,
Joseph E. Hill Early Childhood Center,434,P102,V,135,,
Joseph E. Hill Early Childhood Center,434,P108,STORAGE,273,1,
Joseph E. Hill Early Childhood Center,434,P109,STORAGE,106,1,
Joseph E. Hill Early Childhood Center,434,P106,STORAGE V,303,2,
Joseph E. Hill Early Childhood Center,434,P113,ESSCA,837,9,
Joseph E. Hill Early Childhood Center,434,P114,OFFICE,147,2,
Joseph E. Hill Early Childhood Center,434,S124,OFFICE,193,2,
Joseph E. Hill Early Childhood Center,434,P136,SERVICES,132,2,
Joseph E. Hill Early Childhood Center,434,P133,ECC STAFF RM,414,20,
Joseph E. Hill Early Childhood Center,434,P134,OFFICE,321,4,
Joseph E. Hill Early Childhood Center,434,7,CLASSROOM,607,31,
Joseph E. Hill Early Childhood Center,434,P137,MOTHERS ROOM,100,2,
Joseph E. Hill Early Childhood Center,434,P132,TLT,42,,
Joseph E. Hill Early Childhood Center,434,15,HEALTH,187,2,
Joseph E. Hill Early Childhood Center,434,4,THERAPY,491,5,
Joseph E. Hill Early Childhood Center,434,P130,STORAGE,158,1,
Joseph E. Hill Early Childhood Center,434,P124,TLT,158,,
Joseph E. Hill Early Childhood Center,434,P125,TLT,183,,
Joseph E. Hill Early Childhood Center,434,108A,BOARD ROOM A,1151,77,
Joseph E. Hill Early Childhood Center,434,F111,OFFICE,140,2,
Joseph E. Hill Early Childhood Center,434,F109,STOR,65,1,
Joseph E. Hill Early Childhood Center,434,F113,PRINTING,70,1,
Joseph E. Hill Early Childhood Center,434,F114,CLASSROOM,510,26,
Joseph E. Hill Early Childhood Center,434,F115,CLASSROOM,403,21,
Joseph E. Hill Early Childhood Center,434,F101,CLASSROOM,546,28,
Joseph E. Hill Early Childhood Center,434,F103,ACTIVITY ROOM 2,529,27,
Joseph E. Hill Early Childhood Center,434,F106,STORAGE,344,2,
Joseph E. Hill Early Childhood Center,434,B108B,STORAGE,50,1,
Joseph E. Hill Early Childhood Center,434,B108A,DATA,51,1,
Joseph E. Hill Early Childhood Center,434,C05,CORRIDOR,469,,
Joseph E. Hill Early Childhood Center,434,P101A,LAUNDRY,32,1,
Joseph E. Hill Early Childhood Center,434,S117,OFFICE,202,3,
Joseph E. Hill Early Childhood Center,434,9,THERAPY ROOM,500,6,
Joseph E. Hill Early Childhood Center,434,07A,TLT,45,,
Joseph E. Hill Early Childhood Center,434,09A,TLT,45,,
Joseph E. Hill Early Childhood Center,434,09B,H19,59,1,
Joseph E. Hill Early Childhood Center,434,07B,STORAGE,58,1,
Joseph E. Hill Early Childhood Center,434,S122,OFFICE,246,3,
Joseph E. Hill Early Childhood Center,434,S123,OFFICE,89,1,
Joseph E. Hill Early Childhood Center,434,S125,OFFICE,193,2,
Joseph E. Hill Early Childhood Center,434,E-1,ELEVATOR,78,,
Joseph E. Hill Early Childhood Center,434,P113A,OFFICE,103,2,
Joseph E. Hill Early Childhood Center,434,P107,STORAGE S,496,2,
Joseph E. Hill Early Childhood Center,434,P105,BREAK ROOM,495,33,
Joseph E. Hill Early Childhood Center,434,F116,CLASSROOM,520,26,
Joseph E. Hill Early Childhood Center,434,F103A,ACTIVITY ROOM 1,442,23,
Joseph E. Hill Early Childhood Center,434,F112,WORK STATIONS,1337,14,
Joseph E. Hill Early Childhood Center,434,108B,BOARD ROOM B,883,59,
Joseph E. Hill Early Childhood Center,434,P119,153,66,1,
Joseph E. Hill Early Childhood Center,434,F101B,TLT,47,,
Joseph E. Hill Early Childhood Center,434,F101A,TLT,40,,
Joseph E. Hill Early Childhood Center,434,F110,KITCHEN,219,15,
Joseph E. Hill Early Childhood Center,434,C04,CORRIDOR,226,,
Joseph E. Hill Early Childhood Center,434,S118,ECC MAIN OFFICE,2179,22,
Joseph E. Hill Early Childhood Center,435,BO,OFFICE,195,2,
Joseph E. Hill Early Childhood Center,435,BO,OFFICE,323,4,
Joseph E. Hill Early Childhood Center,435,BO,OFFICE,208,3,
Joseph E. Hill Early Childhood Center,435,BO,OFFICE,107,2,
Joseph E. Hill Early Childhood Center,435,A251,36 SF,51,,
Joseph E. Hill Early Childhood Center,435,19A,20 CORRIDOR,130,,
Joseph E. Hill Early Childhood Center,435,18A,OFFICE,137,2,
Joseph E. Hill Early Childhood Center,435,17A,OFFICE,143,2,
Joseph E. Hill Early Childhood Center,435,17B,OFFICE,399,4,
Joseph E. Hill Early Childhood Center,435,17C,STORAGE,127,1,
Joseph E. Hill Early Childhood Center,435,BO,OFFICE,195,2,
Joseph E. Hill Early Childhood Center,435,BO,OFFICE OFFICE,116,2,
Joseph E. Hill Early Childhood Center,435,BS,STORAGE,434,2,
Joseph E. Hill Early Childhood Center,435,BC,ROOM,285,19,
Joseph E. Hill Early Childhood Center,435,A204,ROOM,89,1,
Joseph E. Hill Early Childhood Center,435,A206A,TLT,53,,
Joseph E. Hill Early Childhood Center,435,BO,OFFICE,340,4,
Joseph E. Hill Early Childhood Center,435,BO,OFFICE,152,2,
Joseph E. Hill Early Childhood Center,435,BO,OFFICE,122,2,
Joseph E. Hill Early Childhood Center,435,17D,MDF,541,2,
Joseph E. Hill Early Childhood Center,435,BS,STORAGE STORAGE,319,2,
Joseph E. Hill Early Childhood Center,435,BO,OFFICE,191,2,
Joseph E. Hill Early Childhood Center,435,BO,OFFICE,67,1,
Joseph E. Hill Early Childhood Center,435,17E,OFFICE,63,1,
Joseph E. Hill Early Childhood Center,435,BO,OFFICE OFFICE CORRIDOR,129,2,
Joseph E. Hill Early Childhood Center,435,A264,STORAGE STORAGE,52,1,
Joseph E. Hill Early Childhood Center,435,A252,19A,36,1,
Joseph E. Hill Early Childhood Center,436,43,AV STUDIO,296,3,
Joseph E. Hill Early Childhood Center,436,J213,BREAK ROOM,147,10,
Joseph E. Hill Early Childhood Center,436,42,OFFICE,288,3,
Joseph E. Hill Early Childhood Center,436,41,ROOM,889,49,
Joseph E. Hill Early Childhood Center,436,40,WORK STATIONS,1034,11,
Joseph E. Hill Early Childhood Center,436,39,ROOM,491,25,
Joseph E. Hill Early Childhood Center,436,38,MAIL ROOM,415,5,
Joseph E. Hill Early Childhood Center,436,44,WORK ROOM,82,1,
Joseph E. Hill Early Childhood Center,436,AO,83,75,1,
Joseph E. Hill Early Childhood Center,436,36,ROOM,215,15,
Joseph E. Hill Early Childhood Center,436,BO,OFFICE,185,2,
Joseph E. Hill Early Childhood Center,436,A232,ELEC. ROOM IDF,41,1,
Joseph E. Hill Early Childhood Center,436,A233,ELEC. ROOM IDF,46,1,
Joseph E. Hill Early Childhood Center,436,A231,WOMENS TLT,216,,
Joseph E. Hill Early Childhood Center,436,A230,MENS TLT,217,,
Joseph E. Hill Early Childhood Center,436,BO,OFFICE,244,3,
Joseph E. Hill Early Childhood Center,436,BO,OFFICE,158,2,
Joseph E. Hill Early Childhood Center,436,BO,OFFICE,208,3,
Joseph E. Hill Early Childhood Center,436,BO,OFFICE,191,2,
Joseph E. Hill Early Childhood Center,436,BO,OFFICE,117,2,
Joseph E. Hill Early Childhood Center,436,BO,OFFICE,77,1,
Joseph E. Hill Early Childhood Center,436,BO,OFFICE,84,1,
Joseph E. Hill Early Childhood Center,436,BO,OFFICE OFFICE,77,1,
Joseph E. Hill Early Childhood Center,436,A263,WORK STATIONS,3360,34,
Joseph E. Hill Early Childhood Center,436,BS,STORAGE,376,2,
Joseph E. Hill Early Childhood Center,436,BO,45,270,3,
Joseph E. Hill Early Childhood Center,436,BO,OFFICE,128,2,
Joseph E. Hill Early Childhood Center,436,BO,OFFICE,126,2,
Joseph E. Hill Early Childhood Center,436,BO,OFFICE,200,2,
Joseph E. Hill Early Childhood Center,436,BO,CB,127,2,
Joseph E. Hill Early Childhood Center,436,BO,OFFICE,131,2,
Joseph E. Hill Early Childhood Center,436,BO,OFFICE,196,2,
Joseph E. Hill Early Childhood Center,436,38A,OFFICE,344,4,
Joseph E. Hill Early Childhood Center,436,40A,H20,177,1,
Joseph E. Hill Early Childhood Center,436,E-2,ELEVATOR,73,,
Joseph E. Hill Early Childhood Center,436,AO,OFFICE,83,1,
Joseph E. Hill Early Childhood Center,436,AO,OFFICE,66,1,
Joseph E. Hill Early Childhood Center,436,AO,OFFICE,63,1,
Joseph E. Hill Early Childhood Center,436,AO,OFFICE,66,1,
Joseph E. Hill Early Childhood Center,436,AO,SF,66,1,
Joseph E. Hill Early Childhood Center,436,AO,66 SF,55,1,
Joseph E. Hill Early Childhood Center,436,37,OFFICE,686,7,
Joseph E. Hill Early Childhood Center,436,BO,OFFICE OFFICE,77,1,
Joseph E. Hill Early Childhood Center,436,AO,OFFICE,190,2,
Joseph E. Hill Early Childhood Center,436,AO,OFFICE,150,2,
Joseph E. Hill Early Childhood Center,436,AO,OFFICE,111,2,
Joseph E. Hill Early Childhood Center,436,AO,OFFICE,114,2,
Joseph E. Hill Early Childhood Center,436,BO,OFFICE,110,2,
Kingsley Elementary School,445,T01,BOYS,160,,
Kingsley Elementary School,445,T02,GIRLS,229,,
Kingsley Elementary School,445,111,JANITOR,59,1,
Kingsley Elementary School,445,112B,STORAGE,122,1,
Kingsley Elementary School,445,T04,TOILET,45,,
Kingsley Elementary School,445,109,CLASSROOM,959,48,
Kingsley Elementary School,445,107,CLASSROOM,821,42,
Kingsley Elementary School,445,105,CLASSROOM,822,42,
Kingsley Elementary School,445,103,CLASSROOM,1000,49,
Kingsley Elementary School,445,T05,TOILET,49,,
Kingsley Elementary School,445,101,CLASSROOM,1114,49,
Kingsley Elementary School,445,T08,TOILET,43,,
Kingsley Elementary School,445,110,CLASSROOM,995,49,
Kingsley Elementary School,445,108,CLASSROOM,815,41,
Kingsley Elementary School,445,106,CLASSROOM,817,41,
Kingsley Elementary School,445,104,CLASSROOM,908,46,
Kingsley Elementary School,445,102,CLASSROOM,1124,49,
Kingsley Elementary School,445,T06,TOILET,45,,
Kingsley Elementary School,445,T07,TOILET,47,,
Kingsley Elementary School,445,125,109,104,1,
Kingsley Elementary School,445,T09,GIRLS,267,,
Kingsley Elementary School,445,T10,BOYS,228,,
Kingsley Elementary School,445,T03,TOILET,43,,
Kingsley Elementary School,445,112A,PRINTER,91,1,
Kingsley Elementary School,445,100,V JANITOR,61,1,
Kingsley Elementary School,445,100A,JANITOR SD,132,1,
Kingsley Elementary School,445,104B,SENSORY,71,2,
Kingsley Elementary School,446,129,MAIN OFFICE,391,4,
Kingsley Elementary School,446,130,STORAGE,81,1,
Kingsley Elementary School,446,131,S,212,3,
Kingsley Elementary School,446,132,CB,170,12,
Kingsley Elementary School,446,133,S,170,2,
Kingsley Elementary School,446,134,OFFICE,190,2,
Kingsley Elementary School,446,140,LIBRARY,2317,47,
Kingsley Elementary School,446,T12,TOILET,48,,
Kingsley Elementary School,446,T13,TOILET,49,,
Kingsley Elementary School,446,145,GYM,3749,250,
Kingsley Elementary School,446,143,PE OFFICE / STORAGE,322,4,
Kingsley Elementary School,446,T14,TOILET TOILET,62,,
Kingsley Elementary School,446,T15,TOILET TOILET,61,,
Kingsley Elementary School,446,147,KITCHEN,329,2,
Kingsley Elementary School,446,150,AUDITORIUM,2458,242,
Kingsley Elementary School,446,154,CLASSROOM,311,16,
Kingsley Elementary School,446,153,TEACHER'S LOUNGE,801,49,
Kingsley Elementary School,446,152,MECHANICAL,1238,5,
Kingsley Elementary School,446,128,PRINTER,193,2,
Kingsley Elementary School,446,137,NURSE,204,3,
Kingsley Elementary School,446,138,STORAGE,66,1,
Kingsley Elementary School,446,T11,TOILET,46,,
Kingsley Elementary School,446,140A,STORAGE,50,1,
Kingsley Elementary School,446,139,STORAGE,20,1,
Kingsley Elementary School,446,150A,STAGE,764,51,
Kingsley Elementary School,447,T16,BOYS,242,,
Kingsley Elementary School,447,T17,GIRLS,235,,
Kingsley Elementary School,447,223,STOR,118,1,
Kingsley Elementary School,447,223A,STORAGE,46,1,
Kingsley Elementary School,447,212,ART,810,17,
Kingsley Elementary School,447,211,CLASSROOM,820,41,
Kingsley Elementary School,447,209,CLASSROOM,818,41,
Kingsley Elementary School,447,210,CLASSROOM,810,41,
Kingsley Elementary School,447,208,CLASSROOM,810,41,
Kingsley Elementary School,447,207,CLASSROOM,824,42,
Kingsley Elementary School,447,205,CLASSROOM,782,40,
Kingsley Elementary School,447,203,CLASSROOM,801,41,
Kingsley Elementary School,447,201,CLASSROOM,845,43,
Kingsley Elementary School,447,202,CLASSROOM,835,42,
Kingsley Elementary School,447,204,CLASSROOM,786,40,
Kingsley Elementary School,447,206,CLASSROOM,759,38,
Kingsley Elementary School,447,217,STOR,116,1,
Kingsley Elementary School,447,T18,GIRLS,264,,
Kingsley Elementary School,447,T19,BOYS,215,,
Kingsley Elementary School,447,200,JANITOR,66,1,
Kingsley Elementary School,447,216,STORAGE,182,1,
Kingsley Elementary School,447,216A,PRINTER,40,1,
Kingsley Elementary School,447,213,JANITOR,75,1,
Lincoln Elementary School,456,B101,MECHANICAL YARD,412,2,
Lincoln Elementary School,456,B100,HD,291,1,
Lincoln Elementary School,456,B114,SF,139,1,
Lincoln Elementary School,456,B109,ELEC.,139,1,
Lincoln Elementary School,456,149,KITCHEN,331,23,
Lincoln Elementary School,456,130,CLASSROOM,933,47,
Lincoln Elementary School,456,128,CLASSROOM,986,49,
Lincoln Elementary School,456,126,CLASSROOM,970,49,
Lincoln Elementary School,456,124,CLASSROOM,970,49,
Lincoln Elementary School,456,122,CLASSROOM,980,49,
Lincoln Elementary School,456,121,CLASSROOM,980,49,
Lincoln Elementary School,456,123,CLASSROOM,970,49,
Lincoln Elementary School,456,125,CLASSROOM,970,49,
Lincoln Elementary School,456,127,CLASSROOM,986,49,
Lincoln Elementary School,456,132,CLASSROOM,972,49,
Lincoln Elementary School,456,134,CLASSROOM,971,49,
Lincoln Elementary School,456,136,CLASSROOM,922,47,
Lincoln Elementary School,456,100A,JC,71,1,
Lincoln Elementary School,456,118,CLASSROOM,941,48,
Lincoln Elementary School,456,116B,SENSORY,294,6,
Lincoln Elementary School,456,116,MDF,168,1,
Lincoln Elementary School,456,109,READING ROOM,364,8,
Lincoln Elementary School,456,110,OFFICE,247,3,
Lincoln Elementary School,456,111,OFFICE,240,3,
Lincoln Elementary School,456,112,OFFICE,243,3,
Lincoln Elementary School,456,114,CLASSROOM,322,17,
Lincoln Elementary School,456,113,STOR,68,1,
Lincoln Elementary School,456,114A,STOR,26,1,
Lincoln Elementary School,456,T11,TLT,44,,
Lincoln Elementary School,456,107B,CLASSROOM,510,26,
Lincoln Elementary School,456,106,LIBRARY,2133,43,
Lincoln Elementary School,456,T08,TLT,85,,
Lincoln Elementary School,456,T09,TLT,78,,
Lincoln Elementary School,456,107,CLASSROOM,439,22,
Lincoln Elementary School,456,103,CONFERENCE,279,19,
Lincoln Elementary School,456,102,PRINCIPAL OFFICE,189,2,
Lincoln Elementary School,456,151,MECHANICAL,1261,5,
Lincoln Elementary School,456,T05,TLT,124,,
Lincoln Elementary School,456,120,STORAGE,117,1,
Lincoln Elementary School,456,T04,TLT,227,,
Lincoln Elementary School,456,T03,TLT,223,,
Lincoln Elementary School,456,T02,TLT,221,,
Lincoln Elementary School,456,100B,JC,70,1,
Lincoln Elementary School,456,T01,TLT,221,,
Lincoln Elementary School,456,101,RECEPTION,443,5,
Lincoln Elementary School,456,104,COPY,270,3,
Lincoln Elementary School,456,104A,NURSE,82,1,
Lincoln Elementary School,456,108,OFFICE,189,2,
Lincoln Elementary School,456,117,A19,290,15,
Lincoln Elementary School,456,T10,TLT V,62,,
Lincoln Elementary School,456,115A,CLASSROOM,729,37,
Lincoln Elementary School,456,T07,TLT 270 SF,57,,
Lincoln Elementary School,456,106A,STORAGE,198,1,
Lincoln Elementary School,456,115B,CLASSROOM,810,41,
Lincoln Elementary School,456,148,CAFETERIA,3713,248,
Lincoln Elementary School,456,T06,TLT,182,,
Lincoln Elementary School,456,CT00,COURTYARD,5099,,
Lincoln Elementary School,457,230,CLASSROOM,933,47,
Lincoln Elementary School,457,T12,TLT,224,,
Lincoln Elementary School,457,T13,TLT,223,,
Lincoln Elementary School,457,228,CLASSROOM,974,49,
Lincoln Elementary School,457,226,CLASSROOM,958,48,
Lincoln Elementary School,457,224,CLASSROOM,958,48,
Lincoln Elementary School,457,222,CLASSROOM,968,49,
Lincoln Elementary School,457,220,BOOKSTORE,118,1,
Lincoln Elementary School,457,T14,TLT,221,,
Lincoln Elementary School,457,218A,JC,71,1,
Lincoln Elementary School,457,T15,TLT,224,,
Lincoln Elementary School,457,218,CLASSROOM,940,47,
Lincoln Elementary School,457,217,CLASSROOM,878,44,
Lincoln Elementary School,457,221,CLASSROOM,968,49,
Lincoln Elementary School,457,223,CLASSROOM,958,48,
Lincoln Elementary School,457,225,CLASSROOM,958,48,
Lincoln Elementary School,457,227,CLASSROOM,974,49,
Lincoln Elementary School,457,200,CLASSROOM,667,34,
Lincoln Elementary School,457,2-2,STAIR,357,,
Lincoln Elementary School,457,242,OFFICE,170,2,
Lincoln Elementary School,457,240,STOR HD,92,1,
Lincoln Elementary School,457,T16,TLT,32,,
Lincoln Elementary School,457,238,LOUNGE,914,49,
Lincoln Elementary School,457,236,CLASSROOM,904,46,
Lincoln Elementary School,457,234,CLASSROOM,955,48,
Lincoln Elementary School,457,215,ART,733,15,
Lincoln Elementary School,457,219,CLASSROOM 97,167,9,
Lincoln Elementary School,457,232,CLASSROOM,941,48,
Lincoln Elementary School,457,241,MDF,50,1,
Lincoln Elementary School,457,216,KILN,106,3,
Lincoln Elementary School,457,T13A,224 SF TLT,59,,
Lincoln Elementary School,457,215A,STORAGE,142,1,
Lincoln Elementary School,457,250,GYMNASIUM,3495,233,
Lincolnwood Elementary School,467,B-4,MECHANICAL ROOM,2259,8,
Lincolnwood Elementary School,467,B-4,MECHANICAL ROOM,2259,8,
Lincolnwood Elementary School,467,B-12,JANITORIAL OFFICE OFFICE,80,1,
Lincolnwood Elementary School,467,B-11,JANITORIAL OFFICE OFFICE OFFICE,54,1,
Lincolnwood Elementary School,467,B-10,OFFICE OFFICE,54,1,
Lincolnwood Elementary School,467,B-9,OFFICE,137,2,
Lincolnwood Elementary School,467,B-2,SMALL GROUP ROOM,408,21,
Lincolnwood Elementary School,467,T01,GIRLS,46,,
Lincolnwood Elementary School,467,B-3,KITCHEN,33,3,
Lincolnwood Elementary School,467,T02,BOYS,40,,
Lincolnwood Elementary School,467,B-1,MULTI PURPOSE ROOM,1891,271,
Lincolnwood Elementary School,467,B-8,STORAGE,88,1,
Lincolnwood Elementary School,467,B-20,MECHANICAL,579,,
Lincolnwood Elementary School,467,B-2A,JANITOR,69,1,
Lincolnwood Elementary School,468,36,CLASSROOM,1115,49,
Lincolnwood Elementary School,468,37,CLASSROOM,1117,49,
Lincolnwood Elementary School,468,35A,STAGE,890,60,
Lincolnwood Elementary School,468,34,AUDITORIUM,3275,377,
Lincolnwood Elementary School,468,12,LIBRARY,1192,24,
Lincolnwood Elementary School,468,33,OFFICE,382,4,
Lincolnwood Elementary School,468,T07,GENDER NEUTRAL,87,,
Lincolnwood Elementary School,468,T06,GENDER NEUTRAL,82,,
Lincolnwood Elementary School,468,JC01,JANITOR,121,1,
Lincolnwood Elementary School,468,T02,GIRLS,230,,
Lincolnwood Elementary School,468,8,CLASSROOM,975,49,
Lincolnwood Elementary School,468,T06A,A6 TOILET,36,,
Lincolnwood Elementary School,468,6,CLASSROOM,934,47,
Lincolnwood Elementary School,468,4,CLASSROOM,932,47,
Lincolnwood Elementary School,468,T04A,109 TOILET,34,,
Lincolnwood Elementary School,468,2,CLASSROOM,1334,49,
Lincolnwood Elementary School,468,T02A,TOILET,27,,
Lincolnwood Elementary School,468,T01A,TOILET,26,,
Lincolnwood Elementary School,468,1,CLASSROOM,1329,49,
Lincolnwood Elementary School,468,3,CLASSROOM,941,48,
Lincolnwood Elementary School,468,T03A,SD,32,,
Lincolnwood Elementary School,468,5,CLASSROOM,966,49,
Lincolnwood Elementary School,468,7,CLASSROOM,973,49,
Lincolnwood Elementary School,468,T01,20 A6 20 BOYS,181,,
Lincolnwood Elementary School,468,T03,109 A1,48,,
Lincolnwood Elementary School,468,9,EP,209,1,
Lincolnwood Elementary School,468,18B,OFFICE,84,1,
Lincolnwood Elementary School,468,18,OFFICE,225,3,
Lincolnwood Elementary School,468,17,OFFICE,215,3,
Lincolnwood Elementary School,468,16A,STORAGE,30,1,
Lincolnwood Elementary School,468,T04,GIRLS,89,,
Lincolnwood Elementary School,468,T05,A6 BOYS,82,,
Lincolnwood Elementary School,468,16,GYMNASIUM,3416,228,
Lincolnwood Elementary School,468,16C,STORAGE,487,2,
Lincolnwood Elementary School,468,14,TEACHER LOUNGE,243,17,
Lincolnwood Elementary School,468,16B,LOUNGE KITCHEN,260,18,
Lincolnwood Elementary School,468,15,ART,1148,23,
Lincolnwood Elementary School,468,T19,TOILET,28,,
Lincolnwood Elementary School,468,32,40,174,2,
Lincolnwood Elementary School,468,T37,TOILET A27,25,,
Lincolnwood Elementary School,468,37A,A21,46,1,
Lincolnwood Elementary School,468,T36,A27,25,,
Lincolnwood Elementary School,468,36A,STORAGE,45,1,
Lincolnwood Elementary School,468,34B,BASEMENT ACCESS,24,,
Lincolnwood Elementary School,468,34A,STORAGE,68,1,
Lincolnwood Elementary School,468,31,FRONT OFFICE,167,2,
Lincolnwood Elementary School,469,19,CLASSROOM,1052,49,
Lincolnwood Elementary School,469,20,CLASSROOM,1120,49,
Lincolnwood Elementary School,469,22,CLASSROOM,998,49,
Lincolnwood Elementary School,469,21,CLASSROOM,957,48,
Lincolnwood Elementary School,469,23,CLASSROOM,955,48,
Lincolnwood Elementary School,469,24,CLASSROOM,1000,49,
Lincolnwood Elementary School,469,26,CLASSROOM,965,49,
Lincolnwood Elementary School,469,25,CLASSROOM,930,47,
Lincolnwood Elementary School,469,T09,109 109 109,197,,
Lincolnwood Elementary School,469,T08,GIRLS,233,,
Lincolnwood Elementary School,469,JC02,JANITOR,44,1,
Lincolnwood Elementary School,469,28A,OFFICE,90,1,
Lincolnwood Elementary School,469,29,74,812,41,
Lincolnwood Elementary School,469,28,SMALL GROUP ROOM,252,13,
Lincolnwood Elementary School,469,30,LEARNING STUDIO,825,42,
Lincolnwood Elementary School,469,27,S OFFICE,150,2,
Lincolnwood Elementary School,469,26C,OFFICE,238,3,
Lincolnwood Elementary School,469,20C,STORAGE STORAGE,27,1,
Lincolnwood Elementary School,469,19C,STORAGE STORAGE,29,1,
Dr. Martin Luther King Jr. Literary and Fine Arts School,479,110,STORAGE,127,1,
Dr. Martin Luther King Jr. Literary and Fine Arts School,479,T04,TLT,21,,
Dr. Martin Luther King Jr. Literary and Fine Arts School,479,111C,OFFICE,175,2,
Dr. Martin Luther King Jr. Literary and Fine Arts School,479,111D,OFFICE,108,2,
Dr. Martin Luther King Jr. Literary and Fine Arts School,479,111E,NURSE,241,3,
Dr. Martin Luther King Jr. Literary and Fine Arts School,479,111G,PRINTING,173,2,
Dr. Martin Luther King Jr. Literary and Fine Arts School,479,111F,OFFICE,78,1,
Dr. Martin Luther King Jr. Literary and Fine Arts School,479,112,CLASSROOM,954,48,
Dr. Martin Luther King Jr. Literary and Fine Arts School,479,113,CLASSROOM,956,48,
Dr. Martin Luther King Jr. Literary and Fine Arts School,479,T01,GIRLS,212,,
Dr. Martin Luther King Jr. Literary and Fine Arts School,479,121,V,174,4,
Dr. Martin Luther King Jr. Literary and Fine Arts School,479,111,MAIN OFFICE,663,7,
Dr. Martin Luther King Jr. Literary and Fine Arts School,479,148B,LOBBY,3779,,
Dr. Martin Luther King Jr. Literary and Fine Arts School,479,148,AUDITORIUM,3612,414,
Dr. Martin Luther King Jr. Literary and Fine Arts School,479,115,ART,1105,23,
Dr. Martin Luther King Jr. Literary and Fine Arts School,479,114,CLASSROOM,808,41,
Dr. Martin Luther King Jr. Literary and Fine Arts School,479,111B,SD,188,2,
Dr. Martin Luther King Jr. Literary and Fine Arts School,479,T03,TLT,20,,
Dr. Martin Luther King Jr. Literary and Fine Arts School,479,177,STORAGE,46,1,
Dr. Martin Luther King Jr. Literary and Fine Arts School,479,114B,STORAGE,38,1,
Dr. Martin Luther King Jr. Literary and Fine Arts School,479,114A,STOR,18,1,
Dr. Martin Luther King Jr. Literary and Fine Arts School,479,148C,STOR,50,1,
Dr. Martin Luther King Jr. Literary and Fine Arts School,479,T02,BOYS,226,,
Dr. Martin Luther King Jr. Literary and Fine Arts School,479,106,CLASSROOM,956,48,
Dr. Martin Luther King Jr. Literary and Fine Arts School,479,148A,STAGE,2752,,
Dr. Martin Luther King Jr. Literary and Fine Arts School,480,102,CLASSROOM,956,48,
Dr. Martin Luther King Jr. Literary and Fine Arts School,480,103,CLASSROOM,955,48,
Dr. Martin Luther King Jr. Literary and Fine Arts School,480,104,CLASSROOM,955,48,
Dr. Martin Luther King Jr. Literary and Fine Arts School,480,105,CLASSROOM,955,48,
Dr. Martin Luther King Jr. Literary and Fine Arts School,480,107,CLASSROOM,783,49,
Dr. Martin Luther King Jr. Literary and Fine Arts School,480,108,CLASSROOM,512,27,
Dr. Martin Luther King Jr. Literary and Fine Arts School,480,109,CLASSROOM,781,25,
Dr. Martin Luther King Jr. Literary and Fine Arts School,480,110A,LOUNGE,251,17,
Dr. Martin Luther King Jr. Literary and Fine Arts School,480,116,ORCH./BAND,1378,49,
Dr. Martin Luther King Jr. Literary and Fine Arts School,480,116A,OFFICE,225,3,
Dr. Martin Luther King Jr. Literary and Fine Arts School,480,116B,OFFICE,203,3,
Dr. Martin Luther King Jr. Literary and Fine Arts School,480,117,MUSIC,954,48,
Dr. Martin Luther King Jr. Literary and Fine Arts School,480,118,CHOIR,969,49,
Dr. Martin Luther King Jr. Literary and Fine Arts School,480,144,CAFETERIA,3171,212,
Dr. Martin Luther King Jr. Literary and Fine Arts School,480,106,CLASSROOM,956,48,
Dr. Martin Luther King Jr. Literary and Fine Arts School,481,101,CLASSROOM,956,48,
Dr. Martin Luther King Jr. Literary and Fine Arts School,481,110B,LOUNGE,195,14,
Dr. Martin Luther King Jr. Literary and Fine Arts School,481,143,KITCHEN,1077,72,
Dr. Martin Luther King Jr. Literary and Fine Arts School,481,143A,SD,71,1,
Dr. Martin Luther King Jr. Literary and Fine Arts School,481,141C,BOOKS,48,1,
Dr. Martin Luther King Jr. Literary and Fine Arts School,481,143D,STORAGE,108,1,
Dr. Martin Luther King Jr. Literary and Fine Arts School,481,141B,RECEIVING ROOM,318,2,
Dr. Martin Luther King Jr. Literary and Fine Arts School,481,142,BOILER ROOM,1259,5,
Dr. Martin Luther King Jr. Literary and Fine Arts School,481,140A,OFFICE,135,2,
Dr. Martin Luther King Jr. Literary and Fine Arts School,481,143B,STORAGE,63,1,
Dr. Martin Luther King Jr. Literary and Fine Arts School,481,T06,S,55,,
Dr. Martin Luther King Jr. Literary and Fine Arts School,481,139,STORAGE,687,3,
Dr. Martin Luther King Jr. Literary and Fine Arts School,481,100,FITNESS ROOM,989,20,
Dr. Martin Luther King Jr. Literary and Fine Arts School,481,137,BOYS LOCKER ROOM,885,18,
Dr. Martin Luther King Jr. Literary and Fine Arts School,481,126,GYM,7243,483,
Dr. Martin Luther King Jr. Literary and Fine Arts School,481,140,GIRLS LOCKER ROOM,1010,21,
Dr. Martin Luther King Jr. Literary and Fine Arts School,481,119,CLASSROOM,670,34,
Dr. Martin Luther King Jr. Literary and Fine Arts School,481,120,TEACHER'S LOUNGE,369,25,
Dr. Martin Luther King Jr. Literary and Fine Arts School,481,137B,OFFICE,152,2,
Dr. Martin Luther King Jr. Literary and Fine Arts School,481,137A,OFFICE,131,2,
Dr. Martin Luther King Jr. Literary and Fine Arts School,481,142,MECHANICAL,186,1,
Dr. Martin Luther King Jr. Literary and Fine Arts School,481,T05,TLT,55,,
Dr. Martin Luther King Jr. Literary and Fine Arts School,481,T07,TLT,18,,
Dr. Martin Luther King Jr. Literary and Fine Arts School,481,143C,STOR,77,1,
Dr. Martin Luther King Jr. Literary and Fine Arts School,481,126C,STORAGE,69,1,
Dr. Martin Luther King Jr. Literary and Fine Arts School,481,144,SD,3171,212,
Dr. Martin Luther King Jr. Literary and Fine Arts School,481,143B,STOR,12,1,
Dr. Martin Luther King Jr. Literary and Fine Arts School,481,MD1,MECHANICAL,503,2,
Dr. Martin Luther King Jr. Literary and Fine Arts School,482,128B,PHYSICAL THERAPY,765,8,
Dr. Martin Luther King Jr. Literary and Fine Arts School,482,125,CLASSROOM,919,46,
Dr. Martin Luther King Jr. Literary and Fine Arts School,482,129,CLASSROOM,890,45,
Dr. Martin Luther King Jr. Literary and Fine Arts School,482,123,CLASSROOM,686,35,
Dr. Martin Luther King Jr. Literary and Fine Arts School,482,130,V,686,35,
Dr. Martin Luther King Jr. Literary and Fine Arts School,482,127,CONF,64,5,
Dr. Martin Luther King Jr. Literary and Fine Arts School,482,126,CONF,64,5,
Dr. Martin Luther King Jr. Literary and Fine Arts School,482,T10,A6,174,,
Dr. Martin Luther King Jr. Literary and Fine Arts School,482,T11,A6,172,,
Dr. Martin Luther King Jr. Literary and Fine Arts School,482,134,WORK ROOM,168,2,
Dr. Martin Luther King Jr. Literary and Fine Arts School,482,135,S CONF,74,5,
Dr. Martin Luther King Jr. Literary and Fine Arts School,482,133,CONF,74,5,
Dr. Martin Luther King Jr. Literary and Fine Arts School,482,137,CLASSROOM,853,43,
Dr. Martin Luther King Jr. Literary and Fine Arts School,482,122,CLASSROOM,1017,49,
Dr. Martin Luther King Jr. Literary and Fine Arts School,482,124,READING,201,5,
Dr. Martin Luther King Jr. Literary and Fine Arts School,482,132,CLASSROOM,1017,49,
Dr. Martin Luther King Jr. Literary and Fine Arts School,482,128A,PHYSICAL THERAPY,766,8,
Dr. Martin Luther King Jr. Literary and Fine Arts School,482,T13,OFFICE TLT,169,,
Dr. Martin Luther King Jr. Literary and Fine Arts School,482,128F,OFFICE,43,1,
Dr. Martin Luther King Jr. Literary and Fine Arts School,482,128D,H20 OFFICE TLT,43,1,
Dr. Martin Luther King Jr. Literary and Fine Arts School,482,128E,STORAGE,25,1,
Dr. Martin Luther King Jr. Literary and Fine Arts School,482,128H,JANITOR,26,1,
Dr. Martin Luther King Jr. Literary and Fine Arts School,482,128,STORAGE,107,1,
Dr. Martin Luther King Jr. Literary and Fine Arts School,482,T12,TLT,37,,
Dr. Martin Luther King Jr. Literary and Fine Arts School,482,T09,V TLT,37,,
Dr. Martin Luther King Jr. Literary and Fine Arts School,482,T14,TLT,54,,
Dr. Martin Luther King Jr. Literary and Fine Arts School,483,207,CLASSROOM,946,48,
Dr. Martin Luther King Jr. Literary and Fine Arts School,483,208,CLASSROOM,944,48,
Dr. Martin Luther King Jr. Literary and Fine Arts School,483,209,CLASSROOM,953,48,
Dr. Martin Luther King Jr. Literary and Fine Arts School,483,210,CLASSROOM,871,44,
Dr. Martin Luther King Jr. Literary and Fine Arts School,483,212,215 SF,182,2,
Dr. Martin Luther King Jr. Literary and Fine Arts School,483,T15,109,215,,
Dr. Martin Luther King Jr. Literary and Fine Arts School,483,211,LIBRARY,2191,44,
Dr. Martin Luther King Jr. Literary and Fine Arts School,483,211C,STORAGE,109,1,
Dr. Martin Luther King Jr. Literary and Fine Arts School,483,211B,OFFICE,785,8,
Dr. Martin Luther King Jr. Literary and Fine Arts School,483,211E,SENSORY ROOM,77,2,
Dr. Martin Luther King Jr. Literary and Fine Arts School,483,211G,BOILER ROOM,291,2,
Dr. Martin Luther King Jr. Literary and Fine Arts School,483,211F,STORAGE,198,1,
Dr. Martin Luther King Jr. Literary and Fine Arts School,483,T14,BOYS,223,,
Dr. Martin Luther King Jr. Literary and Fine Arts School,483,213A,STORAGE,154,1,
Dr. Martin Luther King Jr. Literary and Fine Arts School,483,206,CLASSROOM,956,48,
Dr. Martin Luther King Jr. Literary and Fine Arts School,484,201,CLASSROOM,950,20,
Dr. Martin Luther King Jr. Literary and Fine Arts School,484,202,CLASSROOM,956,20,
Dr. Martin Luther King Jr. Literary and Fine Arts School,484,203,CLASSROOM,956,20,
Dr. Martin Luther King Jr. Literary and Fine Arts School,484,204,CLASSROOM,957,48,
Dr. Martin Luther King Jr. Literary and Fine Arts School,484,205,CLASSROOM,956,48,
Dr. Martin Luther King Jr. Literary and Fine Arts School,484,213,CLASSROOM,593,30,
Dr. Martin Luther King Jr. Literary and Fine Arts School,484,214,CLASSROOM,398,20,
Dr. Martin Luther King Jr. Literary and Fine Arts School,484,215,CLASSROOM,537,27,
Dr. Martin Luther King Jr. Literary and Fine Arts School,484,216,SD S,680,35,
Dr. Martin Luther King Jr. Literary and Fine Arts School,484,217,STORAGE TECH,135,1,
Dr. Martin Luther King Jr. Literary and Fine Arts School,484,217,CTC,114,1,
Dr. Martin Luther King Jr. Literary and Fine Arts School,484,206,CLASSROOM,956,48,
Dr. Martin Luther King Jr. Literary and Fine Arts School,484,217B,CORRIDOR JC,20,1,
Nichols Middle School,494,06,STORM/MECH,1170,4,
Nichols Middle School,494,05,STORM/MECH,798,3,
Nichols Middle School,494,04,STORAGE,454,2,
Nichols Middle School,494,125E,STORAGE,538,2,
Nichols Middle School,494,01,STORAGE,257,1,
Nichols Middle School,494,07,BOILER ROOM,1585,6,
Nichols Middle School,495,126,CLASSROOM,886,45,
Nichols Middle School,495,125,CLASSROOM,897,45,
Nichols Middle School,495,124,CLASSROOM,574,29,
Nichols Middle School,495,123,SCIENCE LAB,886,18,
Nichols Middle School,495,122,CLASSROOM,574,29,
Nichols Middle School,495,125A,HEALTH CLERK,148,2,
Nichols Middle School,495,121,NURSE,238,3,
Nichols Middle School,495,120,CLASSROOM,613,31,
Nichols Middle School,495,111,STAFF LOUNGE,876,49,
Nichols Middle School,495,109,CAFETERIA,3397,227,
Nichols Middle School,495,109E,A1,611,41,
Nichols Middle School,495,107,BAND,1271,64,
Nichols Middle School,495,109A,KITCHEN,758,4,
Nichols Middle School,495,105,CLASSROOM,532,27,
Nichols Middle School,495,103,CLASSROOM,550,28,
Nichols Middle School,495,101,CLASSROOM,596,30,
Nichols Middle School,495,100,ART ROOM,607,13,
Nichols Middle School,495,102,CLASSROOM,578,29,
Nichols Middle School,495,104,CLASSROOM,579,29,
Nichols Middle School,495,108,CLASSROOM,441,23,
Nichols Middle School,495,106,LIBRARY,1484,30,
Nichols Middle School,495,112,OFFICE,278,3,
Nichols Middle School,495,114,H3,227,3,
Nichols Middle School,495,116,ASST. PRINC,224,3,
Nichols Middle School,495,118,CLASSROOM,620,32,
Nichols Middle School,495,T02,GIRLS,222,,
Nichols Middle School,495,T01,A5,102,,
Nichols Middle School,495,T03,148 SF,32,,
Nichols Middle School,495,111B,STORAGE,72,1,
Nichols Middle School,495,110,MAIN OFFICE,493,5,
Nichols Middle School,495,109F,20,55,,
Nichols Middle School,495,109C,DRY STORAGE,50,1,
Nichols Middle School,495,107B,STORAGE 87,95,1,
Nichols Middle School,495,4-1,STAIR,72,,
Nichols Middle School,495,107C,STORAGE,68,1,
Nichols Middle School,495,E-1,ELEVATOR,48,,
Nichols Middle School,495,109D,MECH,73,,
Nichols Middle School,495,106B,LIBRARY MEZZ,530,11,
Nichols Middle School,495,108A,OFFICE,171,1,
Nichols Middle School,495,T06,TLT,35,,
Nichols Middle School,495,108B,TECH OFF 76,182,2,
Nichols Middle School,495,106B,LIBRARY MEZZ,530,11,
Nichols Middle School,496,226,CLASSROOM,883,45,
Nichols Middle School,496,225,CLASSROOM,877,44,
Nichols Middle School,496,T10,STAFF TLT,270,,
Nichols Middle School,496,224,CLASSROOM,603,31,
Nichols Middle School,496,223,CLASSROOM,615,31,
Nichols Middle School,496,223A,OFFICE,164,2,
Nichols Middle School,496,222,CLASSROOM,586,30,
Nichols Middle School,496,220,CLASSROOM,604,31,
Nichols Middle School,496,221A,LOCKER ROOM,359,8,
Nichols Middle School,496,218,CLASSROOM,611,31,
Nichols Middle School,496,214,CLASSROOM,569,29,
Nichols Middle School,496,212,FITNESS ROOM,550,12,
Nichols Middle School,496,210,OFFICE,223,3,
Nichols Middle School,496,T08,GIRLS,117,,
Nichols Middle School,496,205,GYMNASIUM,4941,330,
Nichols Middle School,496,T07,BOYS,165,,
Nichols Middle School,496,203B,STORAGE,178,1,
Nichols Middle School,496,203,LOCKER ROOM,599,12,
Nichols Middle School,496,203,OFFICE,291,3,
Nichols Middle School,496,201,CLASSROOM,611,31,
Nichols Middle School,496,200,CLASSROOM,613,31,
Nichols Middle School,496,202,CLASSROOM,561,29,
Nichols Middle School,496,204,CLASSROOM,579,29,
Nichols Middle School,496,206,AUDITORIUM,1587,252,
Nichols Middle School,496,206A,STAGE,946,64,
Nichols Middle School,496,T11,109,38,,
Nichols Middle School,496,205D,OFFICE,114,2,
Nichols Middle School,496,205C,120,118,1,
Nichols Middle School,496,205B,STORAGE,121,1,
Nichols Middle School,496,205A,OFFICE,104,2,
Nichols Middle School,496,221,FITNESS,891,18,
Nichols Middle School,497,12,UPPER BLEACHERS,305,56,
Nichols Middle School,497,325,CLASSROOM,879,44,
Nichols Middle School,497,326,CLASSROOM,887,45,
Nichols Middle School,497,T14,TLT,276,,
Nichols Middle School,497,324,CLASSROOM,592,30,
Nichols Middle School,497,323,SCIENCE LAB,952,20,
Nichols Middle School,497,322,CLASSROOM,568,29,
Nichols Middle School,497,321,SCIENCE LAB,249,5,
Nichols Middle School,497,321A,STORAGE,71,1,
Nichols Middle School,497,323A,STORAGE,68,1,
Nichols Middle School,497,320,CLASSROOM,615,31,
Nichols Middle School,497,311,SCIENCE LAB,904,19,
Nichols Middle School,497,2-3,STAIR,150,,
Nichols Middle School,497,318,SCIENCE LAB,764,16,
Nichols Middle School,497,312,SCIENCE LAB,846,17,
Nichols Middle School,497,312A,STORAGE,123,1,
Nichols Middle School,497,T13,GIRLS,280,,
Nichols Middle School,497,327,UPPER BLEACHERS,291,56,
Nichols Middle School,497,T12,BOYS,159,,
Nichols Middle School,497,305,CLASSROOM,528,27,
Nichols Middle School,497,303,CLASSROOM,617,31,
Nichols Middle School,497,301,CLASSROOM,605,31,
Nichols Middle School,497,300,CLASSROOM,618,31,
Nichols Middle School,497,302,CLASSROOM,607,31,
Nichols Middle School,497,304,CLASSROOM,543,28,
Nichols Middle School,497,13,STORAGE,79,1,
Nichols Middle School,497,327A,STORAGE,70,1,
Nichols Middle School,497,326,JC,41,1,
Nichols Middle School,497,A306,UPPER AUDITORIUM,1324,144,
Nichols Middle School,497,14,STORAGE,98,1,
Nichols Middle School,497,328,JC,17,1,
Nichols Middle School,497,318A,STORAGE,139,1,
Nichols Middle School,498,403,MEDIA ARTS,714,36,
Nichols Middle School,498,402,MUSIC,1173,49,
Nichols Middle School,498,401,OFF/STORAGE,495,5,
Nichols Middle School,498,404,CLASSROOM,260,13,
Nichols Middle School,498,402A,STORAGE,260,1,
Oakton Elementary School,511,7,MAINTENANCE SHOP,676,3,
Oakton Elementary School,511,8A,STORAGE,62,1,
Oakton Elementary School,511,9A,STORAGE,338,2,
Oakton Elementary School,511,9,CUSTODIAN'S OFFICE,322,4,
Oakton Elementary School,511,11,BOILER ROOM,1377,5,
Oakton Elementary School,511,10,FAN ROOM,343,2,
Oakton Elementary School,511,13,STORAGE,700,3,
Oakton Elementary School,511,S0-0,STAIR,229,,
Oakton Elementary School,511,11A,INCINER. RM,125,1,
Oakton Elementary School,512,4,FAN ROOM,454,2,
Oakton Elementary School,512,2,TUNNEL,1295,,
Oakton Elementary School,512,1,FAN ROOM,736,3,
Oakton Elementary School,514,116,LIBRARY,1254,26,
Oakton Elementary School,514,115,GYM,3157,211,
Oakton Elementary School,514,115A,STAGE,801,54,
Oakton Elementary School,514,115D,20,142,2,
Oakton Elementary School,514,115B,OFFICE,142,2,
Oakton Elementary School,514,115C,STORAGE,169,1,
Oakton Elementary School,514,111,CLASSROOM,678,34,
Oakton Elementary School,514,112,CLASSROOM,744,38,
Oakton Elementary School,514,117,STAFF LOUNGE,458,31,
Oakton Elementary School,514,117B,KITCHEN,134,9,
Oakton Elementary School,514,142,STORAGE,27,1,
Oakton Elementary School,514,113,CLASSROOM,737,37,
Oakton Elementary School,514,114,CLASSROOM,722,37,
Oakton Elementary School,514,121,STORAGE,625,3,
Oakton Elementary School,514,121A,IDF,35,1,
Oakton Elementary School,515,154,OFFICE STORAGE,188,2,
Oakton Elementary School,515,156,WORK ROOM,199,2,
Oakton Elementary School,515,155,PRINCIPAL,212,3,
Oakton Elementary School,515,110B,CONFERENCE,372,25,
Oakton Elementary School,515,157,RECEPTION,430,5,
Oakton Elementary School,515,118A,STORAGE,111,1,
Oakton Elementary School,515,118B,KITCHEN,148,10,
Oakton Elementary School,515,118,GYMNASIUM,2370,158,
Oakton Elementary School,515,119A,STORAGE,124,1,
Oakton Elementary School,515,119,OFFICE,319,4,
Oakton Elementary School,515,119C,STORAGE,26,1,
Oakton Elementary School,515,109,CLASSROOM,607,31,
Oakton Elementary School,515,110,MULTI-PURPOSE ROOM,1406,94,
Oakton Elementary School,515,S4-1,STAIR,276,,
Oakton Elementary School,515,108B,JC,42,1,
Oakton Elementary School,515,108A,STORAGE,30,1,
Oakton Elementary School,515,109A,OFFICE,101,2,
Oakton Elementary School,515,109B,OFFICE,106,2,
Oakton Elementary School,515,107,CLASSROOM,686,35,
Oakton Elementary School,515,106,CLASSROOM,713,36,
Oakton Elementary School,515,108,CLASSROOM,667,34,
Oakton Elementary School,515,C08,90,800,,
Oakton Elementary School,515,150A,OFFICE STORAGE,53,1,
Oakton Elementary School,515,155A,STORAGE,30,1,
Oakton Elementary School,515,153A,STORAGE,24,1,
Oakton Elementary School,515,159,NURSE,212,3,
Oakton Elementary School,515,110C,STORAGE V,29,1,
Oakton Elementary School,515,156,WORKROOM,227,3,
Oakton Elementary School,516,101,CLASSROOM,1062,49,
Oakton Elementary School,516,102,CLASSROOM,882,45,
Oakton Elementary School,516,103,CLASSROOM,933,47,
Oakton Elementary School,516,104,CLASSROOM,588,30,
Oakton Elementary School,516,105,CLASSROOM,595,30,
Oakton Elementary School,516,101A,STORAGE,36,1,
Oakton Elementary School,516,101B,98 STORAGE,46,1,
Oakton Elementary School,516,C01,SD CORRIDOR,106,,
Oakton Elementary School,516,102A,STORAGE,11,1,
Oakton Elementary School,516,100,STORAGE OFFICE,258,3,
Oakton Elementary School,517,203,CLASSROOM,746,38,
Oakton Elementary School,517,204,CLASSROOM,729,37,
Oakton Elementary School,517,204A,OFFICE,117,2,
Oakton Elementary School,517,202,SHARED LEARNING,724,37,
Oakton Elementary School,517,200A,OFFICE,117,2,
Oakton Elementary School,517,201,CLASSROOM,752,38,
Oakton Elementary School,517,200B,OFFICE,139,2,
Oakton Elementary School,517,200,CLASSROOM,732,37,
Oakton Elementary School,517,201A,SD,31,1,
Oakton Elementary School,517,203A,OFFICE,137,2,
Oakton Elementary School,518,205,CLASSROOM,668,34,
Oakton Elementary School,518,206,CLASSROOM,714,36,
Oakton Elementary School,518,207,CLASSROOM,696,35,
Oakton Elementary School,518,209,MUSIC,603,31,
Oakton Elementary School,518,208,ART,883,18,
Oakton Elementary School,518,212,MECH,475,2,
Oakton Elementary School,518,215A,STORAGE,28,1,
Oakton Elementary School,518,211B,IDF/MDF,134,1,
Oakton Elementary School,518,211A,SD,148,1,
Oakton Elementary School,518,205A,H20,138,1,
Oakton Elementary School,518,209,STORAGE,62,1,
Oakton Elementary School,519,215,REQUIRED:,129,1,
Oakton Elementary School,519,203H,16 H20,69,1,
Oakton Elementary School,519,201,STORAGE,126,1,
Oakton Elementary School,519,217,STORAGE,155,1,
Oakton Elementary School,520,307,CLASSROOM,608,31,
Oakton Elementary School,520,306,CLASSROOM,595,30,
Oakton Elementary School,520,305,CLASSROOM,609,31,
Oakton Elementary School,520,303,CLASSROOM,617,31,
Oakton Elementary School,520,307A,READING,214,5,
Oakton Elementary School,520,301,CLASSROOM,717,36,
Oakton Elementary School,520,300,CLASSROOM,722,37,
Oakton Elementary School,520,302,CLASSROOM,679,34,
Oakton Elementary School,520,302A,SPEECH,280,14,
Orrington Elementary School,532,105,OFFICE,141,2,
Orrington Elementary School,532,109,OFFICE,310,4,
Orrington Elementary School,532,106,TLT,75,,
Orrington Elementary School,532,111,STORAGE,242,1,
Orrington Elementary School,532,115,ART,659,14,
Orrington Elementary School,532,117A,STORAGE,100,1,
Orrington Elementary School,532,117,OFFICE,130,2,
Orrington Elementary School,532,T03,TLT,59,,
Orrington Elementary School,532,T04,TLT,59,,
Orrington Elementary School,532,114,GYM & CAFETERIA,2591,173,
Orrington Elementary School,532,112,STOR.,145,1,
Orrington Elementary School,532,T01,GIRLS TOILET 66,228,,
Orrington Elementary School,532,116,CLASSROOM,718,36,
Orrington Elementary School,532,106,CLASSROOM / SENSORY RM,988,49,
Orrington Elementary School,532,104,SMALL GROUP RM,392,8,
Orrington Elementary School,532,104C,MECH / STOR / ELEC,589,2,
Orrington Elementary School,532,104A,BOILER ROOM,464,2,
Orrington Elementary School,532,T05,TLT,21,,
Orrington Elementary School,532,115,KITCHEN / PREP,163,11,
Orrington Elementary School,532,107A,STORAGE,92,1,
Orrington Elementary School,532,T02,BOYS TOILET,86,,implausible (likely mislabeled nearby number); dropped
Orrington Elementary School,532,108,CLASSROOM,872,44,
Orrington Elementary School,532,113,SENSORY RM,669,14,
Orrington Elementary School,532,107,OFFICE,158,2,
Orrington Elementary School,532,120,JANITOR CLOSET,18,1,
Orrington Elementary School,532,121,STORAGE,18,1,
Orrington Elementary School,532,117B,STORAGE,14,1,
Orrington Elementary School,532,101,CLASSROOM,794,40,
Orrington Elementary School,532,102,CLASSROOM,810,41,
Orrington Elementary School,532,101A,STORAGE,201,1,
Orrington Elementary School,532,102A,STORAGE,52,1,
Orrington Elementary School,533,201,CLASSROOM,1092,49,
Orrington Elementary School,533,202,LIBRARY,1405,29,
Orrington Elementary School,533,204,CLASSROOM,697,35,
Orrington Elementary School,533,206B,CLASSROOM,902,46,
Orrington Elementary School,533,206A,OFFICE,528,6,
Orrington Elementary School,533,206,COPY,213,1,
Orrington Elementary School,533,208A,ELEC,134,1,
Orrington Elementary School,533,212,OFFICE,516,6,
Orrington Elementary School,533,209,CLASSROOM,807,41,
Orrington Elementary School,533,207,CLASSROOM,1085,49,
Orrington Elementary School,533,T08,BOYS,244,,
Orrington Elementary School,533,205,NURSE OFFICE,198,2,
Orrington Elementary School,533,203A,OFFICE,98,1,
Orrington Elementary School,533,203,H16,157,2,
Orrington Elementary School,533,T07,GIRLS,195,,
Orrington Elementary School,533,208,STORAGE,107,1,
Orrington Elementary School,533,210,CLASSROOM,829,42,
Orrington Elementary School,533,202A,TLT,28,,
Orrington Elementary School,534,301,CLASSROOM,1093,49,
Orrington Elementary School,534,T09,WOMEN,203,,
Orrington Elementary School,534,303,CLASSROOM,1046,49,
Orrington Elementary School,534,304,CLASSROOM,1032,49,
Orrington Elementary School,534,305,CLASSROOM,1101,49,
Orrington Elementary School,534,306,OFFICE,267,3,
Orrington Elementary School,534,308,CLASSROOM,813,41,
Orrington Elementary School,534,307,CLASSROOM,1021,49,
Orrington Elementary School,534,309,CLASSROOM,511,26,
Orrington Elementary School,534,302,CLASSROOM,1114,49,
Orrington Elementary School,534,T10,MEN,181,,
Orrington Elementary School,534,T11,TOILET,36,,
Orrington Elementary School,534,307A,STORAGE,104,1,
Orrington Elementary School,534,325,AUDITORIUM,2500,200,
Orrington Elementary School,534,310,STAGE,858,49,
Orrington Elementary School,534,306B,KITCHEN,74,5,
Orrington Elementary School,535,325B,BALCONY,1071,154,
Park School,545,1,53,285,3,
Park School,545,2,NURSE OFFICE,263,3,
Park School,545,3,H20 OFFICE,108,2,
Park School,545,4,OFFICE,106,2,
Park School,545,5,OFFICE,138,2,
Park School,545,6,OFFICE,141,2,
Park School,545,7,OFFICE,204,2,
Park School,545,8,CLASSROOM,818,41,
Park School,545,9,CLASSROOM,1191,60,
Park School,545,9A,OFFICE,81,1,
Park School,545,9B,OFFICE,86,1,
Park School,545,10,CLASSROOM,998,49,
Park School,545,11,SD,1004,49,
Park School,545,12,SD,965,49,
Park School,545,13,CLASSROOM,947,48,
Park School,545,14,ELEVATOR CLOSET,88,1,
Park School,545,15,97 STO/IDF,120,1,
Park School,545,1A,STORAGE,70,1,
Park School,545,10A,STORAGE,230,1,
Park School,545,10A,TLT,39,,
Park School,545,11A,TLT,38,,
Park School,545,12A,TLT,39,,
Park School,545,12B,TLT,33,,
Park School,545,T02,TLT,133,,
Park School,545,T03,TLT,41,,
Park School,545,7A,STORAGE,21,1,
Park School,545,8A,TLT,19,,
Park School,545,T05,TLT TLT,28,,
Park School,545,T04,TLT TLT,28,,
Park School,545,9C,JANITOR OFFICE,79,1,
Park School,545,G0,BOILER ROOM,1315,5,
Park School,545,G0B,OUTDOOR STORAGE,79,1,
Park School,545,1B,OFFICE,211,3,
Park School,545,T01,TLT,135,,
Park School,545,13B,STORAGE,55,1,
Park School,545,13A,TLT,29,,
Park School,545,9D,STORAGE,14,1,
Park School,546,26,CB,441,23,
Park School,546,27,CLASSROOM,958,48,
Park School,546,28,CLASSROOM,967,49,
Park School,546,29,CLASSROOM,958,48,
Park School,546,30B,STORAGE REQUIRED:,68,1,
Park School,546,30C,"REQUIRED: 63"" QUIET ROOM",70,2,
Park School,546,T06,TLT,175,,
Park School,546,T07,TLT V,174,,
Park School,546,30A,STORAGE,25,1,
Park School,546,20C,DRESSING ROOM TLT,59,1,
Park School,546,20B,DRESSING ROOM TLT,45,,
Park School,546,20A,FOOD SERVICE,143,10,
Park School,546,21,OFFICE/STORAGE,130,2,
Park School,546,24,CLASSROOM,903,19,
Park School,546,24B,KATIE'S CORNER,471,10,
Park School,546,24A,SD,225,3,
Park School,546,20,CLASSROOM,991,49,
Park School,546,25,V,675,45,
Park School,546,22,A1,1016,49,
Park School,546,23,A1,951,48,
Park School,546,21,GYM,3418,228,
Park School,546,21B,STORAGE,160,1,
Park School,546,21A,STORAGE,140,1,
Walker Elementary School,555,113B,CLASSROOM,656,33,
Walker Elementary School,555,113,CLASSROOM,900,46,
Walker Elementary School,555,112,OFFICE,226,3,
Walker Elementary School,555,111,OFFICE,189,2,
Walker Elementary School,555,110,HEALTH OFFICE,213,3,
Walker Elementary School,555,109,CONFERENCE ROOM,294,20,
Walker Elementary School,555,108A,OFFICE,235,3,
Walker Elementary School,555,108,WAITING,160,2,
Walker Elementary School,555,113A,TLT,28,,
Walker Elementary School,555,107,CLASSROOM,1063,49,
Walker Elementary School,555,106,CLASSROOM,991,49,
Walker Elementary School,555,105,CLASSROOM,990,49,
Walker Elementary School,555,104,CLASSROOM,997,49,
Walker Elementary School,555,101,A1,1019,49,
Walker Elementary School,555,102,A1,1022,49,
Walker Elementary School,555,103,148 A1 CLASSROOM,1012,49,
Walker Elementary School,555,103A,OFFICE,178,2,
Walker Elementary School,555,120,CAFETERIA,1575,105,
Walker Elementary School,555,121,FOOD SERVICE,161,11,
Walker Elementary School,555,119,GYM,3818,255,
Walker Elementary School,555,118,STAFF LOUNGE,436,30,
Walker Elementary School,555,117,STORAGE,127,1,
Walker Elementary School,555,116A,ART STORAGE,89,1,
Walker Elementary School,555,116,ART,644,13,
Walker Elementary School,555,119B,STORAGE,150,1,
Walker Elementary School,555,119A,OFFICE,70,1,
Walker Elementary School,555,119C,TLT KITCHEN,123,9,
Walker Elementary School,555,104A,STORAGE,29,1,
Walker Elementary School,555,103B,1 TLT,24,,
Walker Elementary School,555,119D,OUTDOOR STORAGE,132,1,
Walker Elementary School,555,115,BOILER ROOM,1074,4,
Walker Elementary School,555,114A,STAGE,990,66,
Walker Elementary School,555,114,AUDITORIUM,3253,348,
Walker Elementary School,555,100,JC,70,1,
Walker Elementary School,555,T01,MEN,199,,
Walker Elementary School,555,T02,CTC,197,,
Walker Elementary School,555,V01,VESTIBULE,234,,
Walker Elementary School,555,T04,TLT TLT KITCHEN,44,,
Walker Elementary School,555,T03,TLT TLT,44,,
Walker Elementary School,555,102A,TLT,27,,
Walker Elementary School,555,101A,TLT,28,,
Walker Elementary School,555,110A,TLT,17,,
Walker Elementary School,556,204,CLASSROOM,1049,49,
Walker Elementary School,556,205,CLASSROOM,978,49,
Walker Elementary School,556,203,A1,1047,49,
Walker Elementary School,556,202,CLASSROOM,1052,49,
Walker Elementary School,556,204A,OFFICE,123,2,
Walker Elementary School,556,203A,OFFICE,88,1,
Walker Elementary School,556,201,CLASSROOM,1054,49,
Walker Elementary School,556,206,CLASSROOM,979,49,
Walker Elementary School,556,207,CLASSROOM,978,49,
Walker Elementary School,556,208,CLASSROOM,978,49,
Walker Elementary School,556,209,CLASSROOM,978,49,
Walker Elementary School,556,210,CLASSROOM,978,49,
Walker Elementary School,556,212,OFFICE,188,2,
Walker Elementary School,556,213,OFFICE,189,2,
Walker Elementary School,556,214,OFFICE,384,4,
Walker Elementary School,556,215,MDF,189,1,
Walker Elementary School,556,216,OFFICE,107,2,
Walker Elementary School,556,T05,MEN,199,,
Walker Elementary School,556,T06,WOMEN,197,,
Walker Elementary School,556,212A,STORAGE,38,1,
Walker Elementary School,556,216A,TLT,33,,
Walker Elementary School,556,200,C04,69,1,
Walker Elementary School,556,211,LIBRARY,1539,31,
Washington Elementary School,565,12,CLASSROOM,464,24,
Washington Elementary School,565,12A,TLT,110,,
Washington Elementary School,565,12B,119,136,,
Washington Elementary School,565,13,STORAGE,162,1,
Washington Elementary School,565,14,CUSTODIAN OFFICE,152,2,
Washington Elementary School,565,11,WEST CAFETERIA,965,65,
Washington Elementary School,565,15,EAST CAFETERIA,914,61,
Washington Elementary School,565,16,BOILER,1033,4,
Washington Elementary School,565,16B,STORAGE,42,1,
Washington Elementary School,565,16C,EXTERIOR STORAGE,110,1,
Washington Elementary School,565,12D,STORAGE,28,1,
Washington Elementary School,565,11B,STORAGE,105,1,
Washington Elementary School,565,11A,STORAGE,48,1,
Washington Elementary School,565,16A,V,77,1,
Washington Elementary School,565,15A,STORAGE,75,1,
Washington Elementary School,565,15B,STORAGE,60,1,
Washington Elementary School,565,15C,TLT,37,,
Washington Elementary School,565,13A,STORAGE,126,1,
Washington Elementary School,565,S01,STAIR STORAGE,50,1,
Washington Elementary School,565,103,CLASSROOM,981,49,
Washington Elementary School,565,T10,TLT,170,,
Washington Elementary School,565,104,CLASSROOM 39,962,49,
Washington Elementary School,565,T11,TLT,168,,
Washington Elementary School,565,101,CLASSROOM,966,49,
Washington Elementary School,565,102,CLASSROOM,959,48,
Washington Elementary School,565,104A,JC,43,1,
Washington Elementary School,565,101A,STORAGE,43,1,
Washington Elementary School,565,101B,STORAGE,50,1,
Washington Elementary School,565,103B,STORAGE,36,1,
Washington Elementary School,565,102A,STORAGE,29,1,
Washington Elementary School,565,203,CLASSROOM,980,49,
Washington Elementary School,565,204,CLASSROOM,963,49,
Washington Elementary School,565,T12,TLT,170,,
Washington Elementary School,565,T13,12,169,,
Washington Elementary School,565,201,CLASSROOM,968,49,
Washington Elementary School,565,202,CLASSROOM,959,48,
Washington Elementary School,565,204A,STORAGE,51,1,
Washington Elementary School,565,201A,STORAGE,50,1,
Washington Elementary School,565,204B,JC,43,1,
Washington Elementary School,565,201B,ATTIC ACCESS,30,1,
Washington Elementary School,566,T02,TLT,98,,
Washington Elementary School,566,9,LOUNGE,433,29,
Washington Elementary School,566,17,OFFICE,281,3,
Washington Elementary School,566,17A,A6 109,231,3,
Washington Elementary School,566,18A,OFFICE,290,3,
Washington Elementary School,566,18,OFFICE,172,2,
Washington Elementary School,566,19,OFFICE,267,3,
Washington Elementary School,566,20,OFFICE,298,3,
Washington Elementary School,566,21,OFFICE,362,4,
Washington Elementary School,566,23A,OFFICE,250,3,
Washington Elementary School,566,23D,TLT,54,,
Washington Elementary School,566,22A,STORAGE,129,1,
Washington Elementary School,566,22,CLASSROOM,309,7,
Washington Elementary School,566,23,GYM,4314,289,
Washington Elementary School,566,25,LIBRARY,1993,40,
Washington Elementary School,566,2,CLASSROOM,1006,49,
Washington Elementary School,566,3,CLASSROOM,959,49,
Washington Elementary School,566,4,CLASSROOM,1068,49,
Washington Elementary School,566,5,CLASSROOM,2154,49,
Washington Elementary School,566,6,CLASSROOM,1092,49,
Washington Elementary School,566,7,CLASSROOM,980,49,
Washington Elementary School,566,8,CLASSROOM,1033,49,
Washington Elementary School,566,T08,TLT,131,,
Washington Elementary School,566,T09,TLT,129,,
Washington Elementary School,566,26A,STORAGE,95,1,
Washington Elementary School,566,30A,STORAGE,90,1,
Washington Elementary School,566,26,CLASSROOM,905,46,
Washington Elementary School,566,23B,KITCHEN,124,9,
Washington Elementary School,566,27,CLASSROOM,918,47,
Washington Elementary School,566,28,CLASSROOM,920,47,
Washington Elementary School,566,29,CLASSROOM,917,47,
Washington Elementary School,566,30,CLASSROOM,908,46,
Washington Elementary School,566,10,OFFICE,202,3,
Washington Elementary School,566,T06,TLT,21,,
Washington Elementary School,566,17B,TLT,12,,
Washington Elementary School,566,18B,A6,24,,
Washington Elementary School,566,24,AUDITORIUM,3469,318,
Washington Elementary School,566,24A,STAGE,648,65,
Washington Elementary School,566,T01,TLT,99,,
Washington Elementary School,566,5B,TLT TLT,39,,
Washington Elementary School,566,5A,JC TLT TLT,39,,
Washington Elementary School,566,5A,JC TLT,38,1,
Washington Elementary School,566,6A,TLT,27,,
Washington Elementary School,566,4A,TLT,27,,
Washington Elementary School,566,3A,TLT TLT,27,,
Washington Elementary School,566,7A,TLT TLT,28,,
Washington Elementary School,566,S01,STORAGE,50,1,
Washington Elementary School,566,26B,JC,9,,
Washington Elementary School,566,30B,JC,9,,
Washington Elementary School,566,T21,TLT,25,,
Washington Elementary School,567,39,CAFETERIA,1396,94,
Washington Elementary School,567,38,CLASSROOM,990,49,
Washington Elementary School,567,T15,MENS,82,,
Washington Elementary School,567,T14,69 SF,98,,
Washington Elementary School,567,37,OFFICE,163,2,
Washington Elementary School,567,39,OFFICE,284,3,
Washington Elementary School,567,36,OFFICE,203,3,
Washington Elementary School,567,T17,TLT TLT,28,,
Washington Elementary School,567,T18,TLT TLT,28,,
Washington Elementary School,567,T16,TLT,64,,
Washington Elementary School,567,35,OFFICE,314,4,
Washington Elementary School,567,34,CLASSROOM,743,38,
Washington Elementary School,567,33,CLASSROOM,931,47,
Washington Elementary School,567,32,CLASSROOM,789,40,
Washington Elementary School,567,31,CLASSROOM,734,37,
Washington Elementary School,567,40,FAN ROOM,1038,4,
Washington Elementary School,567,41,CLASSROOM,646,32,
Washington Elementary School,567,43,OFFICE,185,1,
Washington Elementary School,567,42,OFFICE,178,1,
Washington Elementary School,567,44,H1,170,2,
Washington Elementary School,567,45,OFFICE,108,2,
Washington Elementary School,567,47,OFFICE,78,1,
Washington Elementary School,567,49,S,165,9,
Washington Elementary School,567,48,CLASSROOM,252,12,
Washington Elementary School,567,46A,OFFICE,86,1,
Washington Elementary School,567,46,CLASSROOM,956,49,
Washington Elementary School,567,T25,TLT,79,,
Washington Elementary School,567,38B,TLT,112,,
Washington Elementary School,567,T24,TLT,29,,
Washington Elementary School,567,T23,TLT,29,,
Washington Elementary School,567,41A,TLT STORAGE,36,1,
Washington Elementary School,567,39A,OFFICE,194,2,
Washington Elementary School,567,36A,STORAGE,69,1,
Washington Elementary School,567,36B,STORAGE,16,1,
Washington Elementary School,567,37A,97,16,1,
Washington Elementary School,567,38A,OFFICE,101,2,
Washington Elementary School,567,T19,TLT,25,,
Washington Elementary School,567,T20,A6,25,,
Washington Elementary School,567,T21,TLT,25,,
Washington Elementary School,567,T22,TLT,25,,
Willard Elementary School,578,B-2C,BOILER ROOM,592,2,
Willard Elementary School,578,T04,WOMEN TLT 40,148,,
Willard Elementary School,578,T03,MEN TLT,166,,
Willard Elementary School,578,B-7,CLASSROOM,803,41,
Willard Elementary School,578,B-6,PHYS. ED. OFFICE,282,3,
Willard Elementary School,578,B-5,CLASSROOM,979,49,
Willard Elementary School,578,B-4,CLASSROOM,912,47,
Willard Elementary School,578,B-4B,V,256,13,
Willard Elementary School,578,B-3,TLT PTA BOOKSTORE,220,1,
Willard Elementary School,578,B08,136,145,1,
Willard Elementary School,578,T02,TLT,30,,
Willard Elementary School,578,B04A,STORAGE,36,1,
Willard Elementary School,578,T01,TLT PTA BOOKSTORE,27,,
Willard Elementary School,578,B10A,TLT 40 MECH,81,1,
Willard Elementary School,578,B09,GYM,3017,202,
Willard Elementary School,578,B-12,MUSIC,753,38,
Willard Elementary School,578,B01A,SD,162,1,
Willard Elementary School,578,B-1,ART,608,13,
Willard Elementary School,578,B-2A,MECHANICAL ROOM,642,3,
Willard Elementary School,578,B-2B,90 CUSTODIAL OFFICE,355,4,
Willard Elementary School,579,150,CLASSROOM,904,46,
Willard Elementary School,579,152,CLASSROOM,927,47,
Willard Elementary School,579,154A,STORAGE,333,2,
Willard Elementary School,579,154B,STORAGE,88,1,
Willard Elementary School,579,154C,MECHANICAL,40,1,
Willard Elementary School,579,156,KITCHEN,369,25,
Willard Elementary School,579,T157,WOMEN,154,,
Willard Elementary School,579,153A,PRINCIPAL,235,3,
Willard Elementary School,579,153B,V,187,2,
Willard Elementary School,579,153C,STAFF WORK ROOM,271,3,
Willard Elementary School,579,153,MAIN OFFICE,320,4,
Willard Elementary School,579,151,S,255,,
Willard Elementary School,579,153E,SF SD,243,3,
Willard Elementary School,579,153H,STORAGE,34,1,
Willard Elementary School,579,155,TLT,46,,
Willard Elementary School,579,153G,TLT,45,,
Willard Elementary School,579,T158,MEN,150,,
Willard Elementary School,579,108,CLASSROOM,682,35,
Willard Elementary School,579,109,A21,751,38,
Willard Elementary School,579,107,CLASSROOM,711,36,
Willard Elementary School,579,110,62,755,38,
Willard Elementary School,579,111,OFFICE,190,2,
Willard Elementary School,579,111A,STOR,45,1,
Willard Elementary School,579,154,CAFETERIA,2644,179,
Willard Elementary School,579,153D,STORAGE,96,1,
Willard Elementary School,579,106,CLASSROOM,800,42,
Willard Elementary School,579,112,CLASSROOM,930,47,
Willard Elementary School,579,102A,ASC,560,12,
Willard Elementary School,579,114,CLASSROOM,924,47,
Willard Elementary School,579,102,LIBRARY,934,19,
Willard Elementary School,579,103,SMALL GROUP,272,6,
Willard Elementary School,579,103A,TLT,42,,
Willard Elementary School,579,T05,WOMENS,130,,
Willard Elementary School,579,104,CLASSROOM,803,41,
Willard Elementary School,579,105,LOUNGE,800,40,
Willard Elementary School,579,106A,MECH,17,1,
Willard Elementary School,579,T115,TLT,68,1,
Willard Elementary School,579,124A,STORAGE,28,1,
Willard Elementary School,580,T09,MEN,186,,
Willard Elementary School,580,201,CLASSROOM,791,40,
Willard Elementary School,580,215,CLASSROOM,889,45,
Willard Elementary School,580,202,SENSORY,287,6,
Willard Elementary School,580,212B,STAGE,468,32,
Willard Elementary School,580,212,AUDITORIUM,2470,310,
Willard Elementary School,580,T08,WOMEN,156,,
Willard Elementary School,580,203A,H20,17,1,
Willard Elementary School,580,203,CLASSROOM,791,40,
Willard Elementary School,580,204,CLASSROOM,784,40,
Willard Elementary School,580,205,A21,767,39,
Willard Elementary School,580,210,CLASSROOM,855,43,
Willard Elementary School,580,210B,MEETING,294,15,
Willard Elementary School,580,209,CLASSROOM,730,38,
Willard Elementary School,580,208,CLASSROOM,756,39,
Willard Elementary School,580,207,A21,692,35,
Willard Elementary School,580,206,A21,712,36,
Willard Elementary School,580,213,S STORAGE,14,,
Willard Elementary School,580,T07,TLT,28,,
