Schools,ACC Placement,Bus,Hazard,Not in D65,"Park, Rice, JEH",STEP Placement,SpEd Transportation,TWE Placement,TWS Placement,TWX Placement,Walk
Chute Middle School,0,203,0,0,0,0,5,0,0,0,343
Dawes Elementary School,0,0,0,0,0,0,4,16,17,11,289
Dewey Elementary School,0,0,34,0,0,0,4,2,9,5,318
Dr. Martin Luther King Jr. Literary & Fine Arts School,0,156,130,2,0,0,27,0,0,0,100
Family Center,0,0,0,0,34,0,0,0,0,0,0
Foster School,0,0,190,0,0,0,7,42,15,16,182
Haven Middle School,0,0,0,0,0,0,5,0,0,0,659
Joseph E. Hill Education Center,0,0,0,0,207,0,35,0,0,0,0
Kingsley Elementary School,0,0,0,0,0,0,0,0,0,0,167
Lincoln Elementary School,0,0,0,0,0,1,9,0,0,0,318
Lincolnwood Elementary School,0,0,0,0,0,2,11,0,0,0,168
Nichols Middle School,0,0,0,0,0,0,7,1,1,0,647
Not in D65,0,0,0,18,0,0,1,0,0,0,0
Oakton Elementary School,28,0,0,0,0,0,6,0,0,0,369
Orrington Elementary School,0,0,0,0,0,0,1,0,0,0,225
Park School,0,0,0,0,33,0,24,0,0,0,0
Rice Children's Center,0,0,0,0,9,0,10,0,0,0,0
Walker Elementary School,0,0,83,0,0,0,6,0,0,0,215
Washington Elementary School,0,0,0,0,0,0,11,14,24,9,383
Willard Elementary School,0,0,0,0,0,0,1,0,0,0,192
