metric,2022-23,2023-24,2024-25,2026-27 (10/1 dashboard)
Total Enrollment,6505,6367,6241,not on dashboard
JEH / Family Center,298,256,270,not on dashboard
"Kindergarten students (excluding Park, Rice, SEES)",593,588,534,530
"K-5 (excluding Park, Rice, SEES)",3958,3879,3728,"3,484"
"6-8 (excluding Park, Rice, SEES)",2104,2073,2032,"1,931"
Park students,59,57,58,not on dashboard
Rice students,17,20,20,not on dashboard
SEES (Outplaced),44,57,73,not on dashboard
SEES (Eval / Services Only),25,25,60,not on dashboard
Low income students,2626 (40%),2623 (41%),2483 (40%),not on dashboard
McKinney-Vento students,236 (4%),263 (4%),215 (3%),not on dashboard
K-5 TWI students,687 (11%),744 (12%),775 (12%),683†
IEP students,1111 (17%),1175 (18%),1213 (19%),not on dashboard
ELL students,1004 (15%),961 (15%),1020 (16%),not on dashboard
School-Age child care,N/A*,442*,464,not on dashboard
Immunization compliance,98.7%*,99.6%*,96.5%,not on dashboard
Transportation,2277*,1674*,1574,not on dashboard
K-8 schools total (K-5 + 6-8),"6,062","5,952","5,760","5,415"
IEP students at K-8 schools,,,905 (16%),943 (17%)
EL students at K-8 schools,,,not by school in report,761 (14%)
K-5 TWI as % of K-5 (TWE+TWS+TWX only),,,740 (19.8%),683 (19.6%)
