school,2024-25,2026-27,change,pct_change,note
Haven Middle School,644,601,-43,-6.7,
Chute Middle School,570,588,18,3.2,
Nichols Middle School,611,571,-40,-6.5,
Dr Martin Luther King Jr Literary & Fine Arts School,420,445,25,6.0,
Washington Elementary School,406,380,-26,-6.4,
Oakton Elementary School,366,366,0,0.0,
Foster School,0,357,357,,opened after 2024-25
Lincoln Elementary School,337,340,3,0.9,
Lincolnwood Elementary School,286,331,45,15.7,
Walker Elementary School,349,318,-31,-8.9,
Dewey Elementary School,317,314,-3,-0.9,
Dawes Elementary School,296,284,-12,-4.1,
Willard Elementary School,349,272,-77,-22.1,TWI strand moved to Foster
Orrington Elementary School,223,248,25,11.2,
Dr Bessie Rhodes School of Global Studies,255,0,-255,-100.0,closed after 2024-25
Kingsley Elementary School,331,0,-331,-100.0,closed after 2024-25
Total (K-8 schools),5760,5415,-345,-6.0,
