account,students,capacity,empty_seats,util_2025,sq_ft,eui_2025,custodians_est,building_staff_est,total_est,per_student,util_per_student,sqft_per_student,util_per_sqft,scen_students_min,scen_students_max,scen_students_avg,scen_n,util_ps_scen_low,util_ps_scen_high,util_scen_max_pct,utilization_now_pct,utilization_scen_avg_pct,util_ps_scen_avg,per_student_scen_avg,ps_scen_low,ps_scen_high
Oakton,366.0,467.0,100.0,66319.0,95480.0,46.0,5.31,586165.55,652484.55,1782.7446721311476,180.71,260.16,0.69,371.0,434.4306748466257,396.4445933871751,15.0,151.44,178.28,93.78,78.37259100642399,84.89177588590472,170.06,1645.8404550942423,1501.9301991747188,1758.71846361186
Dawes,284.0,432.0,144.0,57663.0,57700.0,64.0,3.21,449491.0,507154.0,1785.7535211267605,200.22,200.35,1.0,273.0,378.057055214724,319.4742887407865,15.0,149.58,205.94,89.24,65.74074074074075,73.95238165295984,176.83,1587.4642119056164,1341.4747668495518,1857.7069597069597
Lincolnwood,331.0,432.0,101.0,50293.0,61030.0,53.0,3.4,461537.75,511830.75,1546.3164652567975,151.94,184.38,0.82,300.0,395.4,331.8,12.0,126.89,167.64,91.75,76.62037037037037,76.80555555555556,151.43,1542.5881555153705,1294.4632018209409,1706.1025
Lincoln,340.0,576.0,226.0,79065.0,73440.0,55.0,4.09,506432.7,585497.7,1722.0520588235293,225.9,209.83,1.08,342.0,496.6122699386504,386.3315392299828,19.0,155.9,225.26,88.05,59.02777777777778,67.07144778298313,194.23,1515.5317144621054,1178.9835560694667,1711.9815789473682
Washington,380.0,530.0,143.0,89559.0,76800.0,78.0,4.27,518587.98,608146.98,1600.386789473684,231.42,198.45,1.17,359.0,461.6922661870504,405.978695350008,16.0,192.04,246.04,87.99,71.69811320754717,76.59975383962416,224.96,1497.977571152338,1317.2128375085556,1694.0027298050138
Willard,272.0,533.0,260.0,62350.0,62650.0,60.0,3.49,467398.33,529748.33,1947.6041544117645,228.39,229.49,1.0,265.0,535.0,355.54849785407725,14.0,130.33,234.4,89.76,51.031894934333955,66.70703524466741,180.57,1489.9467532483209,990.1837943925233,1999.0503018867923
Walker,318.0,432.0,115.0,47940.0,51430.0,63.0,2.86,426808.38,474748.38,1492.919433962264,151.23,162.24,0.93,319.0,319.0,319.0,19.0,150.75,150.75,73.61,73.61111111111111,73.8425925925926,150.75,1488.239435736677,1488.239435736677,1488.239435736677
Orrington,248.0,432.0,181.0,44617.0,46930.0,55.0,2.61,410528.98,455145.98,1835.2660483870966,177.76,186.97,0.95,234.0,377.1,312.2504468027021,8.0,117.71,189.06,87.74,57.407407407407405,72.280196019144,140.93,1457.6311568501537,1206.963617077698,1945.0682905982906
Dewey,314.0,537.0,222.0,69640.0,65170.0,62.0,3.63,476514.79,546154.79,1739.346464968153,221.08,206.89,1.07,311.0,446.7219424460433,377.2280555109665,15.0,154.51,223.21,83.93,58.472998137802605,70.24731015101797,192.14,1447.810633438219,1222.5833076600366,1756.124726688103
King Arts,445.0,651.0,206.0,100753.0,100010.0,70.0,5.57,602553.47,703306.47,1580.4639775280898,226.41,224.74,1.01,,,,,,,,68.3563748079877,,,,,
Haven,601.0,936.0,332.0,95502.0,142130.0,45.0,7.91,754928.59,850430.59,1415.0259400998336,158.12,235.31,0.67,,,,,,,,64.2094017094017,,,,,
Chute,588.0,792.0,201.0,102362.0,112900.0,62.0,6.28,649184.89,751546.89,1278.1409693877551,173.2,191.03,0.91,,,,,,,,74.24242424242425,,,,,
Nichols,571.0,705.0,123.0,82749.0,97880.0,48.0,5.45,594847.89,677596.89,1186.684570928196,142.18,168.18,0.85,,,,,,,,80.99290780141844,,,,,
Foster,,,,,,,,,,,,,,332.0,433.0289940828403,352.77031810056417,19.0,,,,,,,,,
