school,grade,program,size
Dawes,K,TWI,20.0
Dawes,K,Monolingual,20.0
Dawes,1,TWI,14.7
Dawes,1,Monolingual,14.7
Dawes,1,Monolingual,14.7
Dawes,2,TWI,21.0
Dawes,2,Monolingual,21.0
Dawes,3,TWI,16.0
Dawes,3,Monolingual,16.0
Dawes,3,Monolingual,16.0
Dawes,4,TWI,19.7
Dawes,4,Monolingual,19.7
Dawes,4,Monolingual,19.7
Dawes,5,TWI,17.0
Dawes,5,Monolingual,17.0
Dawes,5,Monolingual,17.0
Dewey,K,TWI,15.7
Dewey,K,Monolingual,15.7
Dewey,K,Monolingual,15.7
Dewey,1,TWI,18.7
Dewey,1,Monolingual,18.7
Dewey,1,Monolingual,18.7
Dewey,2,TWI,15.0
Dewey,2,Monolingual,15.0
Dewey,2,Monolingual,15.0
Dewey,3,TWI,17.3
Dewey,3,Monolingual,17.3
Dewey,3,Monolingual,17.3
Dewey,4,TWI,21.3
Dewey,4,Monolingual,21.3
Dewey,4,Monolingual,21.3
Dewey,5,TWI,16.7
Dewey,5,Monolingual,16.7
Dewey,5,Monolingual,16.7
Foster,K,TWI,23.0
Foster,K,Monolingual,23.0
Foster,1,TWI,14.0
Foster,1,TWI,14.0
Foster,1,Monolingual,14.0
Foster,2,TWI,21.3
Foster,2,TWI,21.3
Foster,2,Monolingual,21.3
Foster,3,TWI,19.2
Foster,3,TWI,19.2
Foster,3,Monolingual,19.2
Foster,3,Monolingual,19.2
Foster,4,TWI,14.2
Foster,4,TWI,14.2
Foster,4,Monolingual,14.2
Foster,4,Monolingual,14.2
Foster,5,TWI,17.8
Foster,5,TWI,17.8
Foster,5,Monolingual,17.8
Foster,5,Monolingual,17.8
King Arts,K,Monolingual,20.5
King Arts,K,Monolingual,20.5
King Arts,1,Monolingual,20.0
King Arts,1,Monolingual,20.0
King Arts,2,Monolingual,18.5
King Arts,2,Monolingual,18.5
King Arts,3,Monolingual,18.7
King Arts,3,Monolingual,18.7
King Arts,3,Monolingual,18.7
King Arts,4,Monolingual,18.0
King Arts,4,Monolingual,18.0
King Arts,4,Monolingual,18.0
King Arts,5,Monolingual,23.0
King Arts,5,Monolingual,23.0
Lincoln,K,Monolingual,19.0
Lincoln,K,Monolingual,19.0
Lincoln,K,Monolingual,19.0
Lincoln,1,Monolingual,17.2
Lincoln,1,Monolingual,17.2
Lincoln,1,Monolingual,17.2
Lincoln,1,Monolingual,17.2
Lincoln,2,Monolingual,17.0
Lincoln,2,Monolingual,17.0
Lincoln,2,Monolingual,17.0
Lincoln,3,Monolingual,21.5
Lincoln,3,Monolingual,21.5
Lincoln,4,Monolingual,21.7
Lincoln,4,Monolingual,21.7
Lincoln,4,Monolingual,21.7
Lincoln,5,Monolingual,18.3
Lincoln,5,Monolingual,18.3
Lincoln,5,Monolingual,18.3
Lincolnwood,K,Monolingual,24.0
Lincolnwood,K,Monolingual,24.0
Lincolnwood,1,Monolingual,20.0
Lincolnwood,1,Monolingual,20.0
Lincolnwood,1,Monolingual,20.0
Lincolnwood,2,Monolingual,18.0
Lincolnwood,2,Monolingual,18.0
Lincolnwood,2,Monolingual,18.0
Lincolnwood,3,Monolingual,21.0
Lincolnwood,3,Monolingual,21.0
Lincolnwood,4,Monolingual,24.0
Lincolnwood,4,Monolingual,24.0
Lincolnwood,5,Monolingual,19.8
Lincolnwood,5,Monolingual,19.8
Lincolnwood,5,Monolingual,19.8
Lincolnwood,5,Monolingual,19.8
Oakton,K,TWI,17.0
Oakton,K,ACC,17.0
Oakton,K,Monolingual,17.0
Oakton,K,Monolingual,17.0
Oakton,1,TWI,13.8
Oakton,1,ACC,13.8
Oakton,1,Monolingual,13.8
Oakton,1,Monolingual,13.8
Oakton,2,TWI,14.5
Oakton,2,ACC,14.5
Oakton,2,Monolingual,14.5
Oakton,2,Monolingual,14.5
Oakton,3,TWI,18.0
Oakton,3,ACC,18.0
Oakton,3,Monolingual,18.0
Oakton,4,TWI,17.0
Oakton,4,ACC,17.0
Oakton,4,Monolingual,17.0
Oakton,4,Monolingual,17.0
Oakton,5,TWI,15.8
Oakton,5,ACC,15.8
Oakton,5,Monolingual,15.8
Oakton,5,Monolingual,15.8
Orrington,K,Monolingual,20.0
Orrington,K,Monolingual,20.0
Orrington,1,Monolingual,17.5
Orrington,1,Monolingual,17.5
Orrington,2,Monolingual,20.5
Orrington,2,Monolingual,20.5
Orrington,3,Monolingual,26.0
Orrington,3,Monolingual,26.0
Orrington,4,Monolingual,13.0
Orrington,4,Monolingual,13.0
Orrington,5,Monolingual,18.0
Orrington,5,Monolingual,18.0
Orrington,5,Monolingual,18.0
Walker,K,Monolingual,22.5
Walker,K,Monolingual,22.5
Walker,1,Monolingual,19.3
Walker,1,Monolingual,19.3
Walker,1,Monolingual,19.3
Walker,2,Monolingual,21.0
Walker,2,Monolingual,21.0
Walker,3,Monolingual,21.0
Walker,3,Monolingual,21.0
Walker,3,Monolingual,21.0
Walker,4,Monolingual,22.0
Walker,4,Monolingual,22.0
Walker,4,Monolingual,22.0
Walker,5,Monolingual,22.0
Walker,5,Monolingual,22.0
Washington,K,TWI,14.5
Washington,K,TWI,14.5
Washington,K,Monolingual,14.5
Washington,K,Monolingual,14.5
Washington,1,TWI,19.0
Washington,1,TWI,19.0
Washington,1,Monolingual,19.0
Washington,2,TWI,21.0
Washington,2,TWI,21.0
Washington,2,Monolingual,21.0
Washington,3,TWI,15.8
Washington,3,TWI,15.8
Washington,3,Monolingual,15.8
Washington,3,Monolingual,15.8
Washington,4,TWI,15.0
Washington,4,TWI,15.0
Washington,4,Monolingual,15.0
Washington,4,Monolingual,15.0
Washington,5,TWI,19.8
Washington,5,TWI,19.8
Washington,5,TWI,19.8
Washington,5,TWI,19.8
Willard,K,Monolingual,20.0
Willard,K,Monolingual,20.0
Willard,1,Monolingual,21.5
Willard,1,Monolingual,21.5
Willard,2,Monolingual,21.5
Willard,2,Monolingual,21.5
Willard,3,Monolingual,17.7
Willard,3,Monolingual,17.7
Willard,3,Monolingual,17.7
Willard,4,Monolingual,23.0
Willard,4,Monolingual,23.0
Willard,5,Monolingual,23.5
Willard,5,Monolingual,23.5
