school,grade,kind,size
Dawes,K,twi,19.0
Dawes,K,mainstream,24.0
Dawes,1,twi,19.0
Dawes,1,mainstream,13.0
Dawes,1,mainstream,13.0
Dawes,2,twi,19.0
Dawes,2,mainstream,23.0
Dawes,3,twi,19.0
Dawes,3,mainstream,14.5
Dawes,3,mainstream,14.5
Dawes,4,twi,19.0
Dawes,4,mainstream,20.0
Dawes,4,mainstream,20.0
Dawes,5,twi,19.0
Dawes,5,mainstream,16.0
Dawes,5,mainstream,16.0
Dewey,K,twi,17.0
Dewey,K,mainstream,15.5
Dewey,K,mainstream,15.5
Dewey,1,twi,17.0
Dewey,1,mainstream,19.0
Dewey,1,mainstream,19.0
Dewey,2,twi,17.0
Dewey,2,mainstream,14.0
Dewey,2,mainstream,14.0
Dewey,3,twi,17.0
Dewey,3,mainstream,17.5
Dewey,3,mainstream,17.5
Dewey,4,twi,17.0
Dewey,4,mainstream,23.5
Dewey,4,mainstream,23.5
Dewey,5,twi,17.0
Dewey,5,mainstream,17.0
Dewey,5,mainstream,17.0
Foster,K,twi,16.7
Foster,K,twi,16.7
Foster,K,mainstream,12.7
Foster,1,twi,16.7
Foster,1,twi,16.7
Foster,1,mainstream,8.7
Foster,2,twi,16.7
Foster,2,twi,16.7
Foster,2,mainstream,15.8
Foster,2,mainstream,15.8
Foster,3,twi,16.7
Foster,3,twi,16.7
Foster,3,mainstream,22.8
Foster,3,mainstream,22.8
Foster,4,twi,16.7
Foster,4,twi,16.7
Foster,4,mainstream,23.7
Foster,5,twi,16.7
Foster,5,twi,16.7
Foster,5,mainstream,19.3
Foster,5,mainstream,19.3
King Arts,K,mainstream,20.5
King Arts,K,mainstream,20.5
King Arts,1,mainstream,20.0
King Arts,1,mainstream,20.0
King Arts,2,mainstream,18.5
King Arts,2,mainstream,18.5
King Arts,3,mainstream,18.7
King Arts,3,mainstream,18.7
King Arts,3,mainstream,18.7
King Arts,4,mainstream,18.0
King Arts,4,mainstream,18.0
King Arts,4,mainstream,18.0
King Arts,5,mainstream,23.0
King Arts,5,mainstream,23.0
Lincoln,K,mainstream,19.0
Lincoln,K,mainstream,19.0
Lincoln,K,mainstream,19.0
Lincoln,1,mainstream,18.2
Lincoln,1,mainstream,18.2
Lincoln,1,mainstream,18.2
Lincoln,1,mainstream,18.2
Lincoln,2,mainstream,17.7
Lincoln,2,mainstream,17.7
Lincoln,2,mainstream,17.7
Lincoln,3,mainstream,21.5
Lincoln,3,mainstream,21.5
Lincoln,4,mainstream,22.7
Lincoln,4,mainstream,22.7
Lincoln,4,mainstream,22.7
Lincoln,5,mainstream,18.7
Lincoln,5,mainstream,18.7
Lincoln,5,mainstream,18.7
Lincolnwood,K,mainstream,24.0
Lincolnwood,K,mainstream,24.0
Lincolnwood,1,mainstream,20.0
Lincolnwood,1,mainstream,20.0
Lincolnwood,1,mainstream,20.0
Lincolnwood,2,mainstream,18.0
Lincolnwood,2,mainstream,18.0
Lincolnwood,2,mainstream,18.0
Lincolnwood,3,mainstream,21.0
Lincolnwood,3,mainstream,21.0
Lincolnwood,4,mainstream,24.0
Lincolnwood,4,mainstream,24.0
Lincolnwood,5,mainstream,19.8
Lincolnwood,5,mainstream,19.8
Lincolnwood,5,mainstream,19.8
Lincolnwood,5,mainstream,19.8
Oakton,K,twi,12.5
Oakton,K,acc,12.2
Oakton,K,mainstream,21.7
Oakton,K,mainstream,21.7
Oakton,1,twi,12.5
Oakton,1,acc,12.2
Oakton,1,mainstream,15.2
Oakton,1,mainstream,15.2
Oakton,2,twi,12.5
Oakton,2,acc,12.2
Oakton,2,mainstream,16.7
Oakton,2,mainstream,16.7
Oakton,3,twi,12.5
Oakton,3,acc,12.2
Oakton,3,mainstream,14.7
Oakton,3,mainstream,14.7
Oakton,4,twi,12.5
Oakton,4,acc,12.2
Oakton,4,mainstream,22.2
Oakton,4,mainstream,22.2
Oakton,5,twi,21.0
Oakton,5,acc,21.0
Oakton,5,mainstream,21.0
Orrington,K,mainstream,20.0
Orrington,K,mainstream,20.0
Orrington,1,mainstream,17.5
Orrington,1,mainstream,17.5
Orrington,2,mainstream,21.0
Orrington,2,mainstream,21.0
Orrington,3,mainstream,17.3
Orrington,3,mainstream,17.3
Orrington,3,mainstream,17.3
Orrington,4,mainstream,13.5
Orrington,4,mainstream,13.5
Orrington,5,mainstream,18.3
Orrington,5,mainstream,18.3
Orrington,5,mainstream,18.3
Walker,K,mainstream,22.5
Walker,K,mainstream,22.5
Walker,1,mainstream,19.0
Walker,1,mainstream,19.0
Walker,1,mainstream,19.0
Walker,2,mainstream,21.0
Walker,2,mainstream,21.0
Walker,3,mainstream,21.0
Walker,3,mainstream,21.0
Walker,3,mainstream,21.0
Walker,4,mainstream,22.0
Walker,4,mainstream,22.0
Walker,4,mainstream,22.0
Walker,5,mainstream,22.0
Walker,5,mainstream,22.0
Washington,K,twi,14.5
Washington,K,twi,14.5
Washington,K,mainstream,14.5
Washington,K,mainstream,14.5
Washington,1,twi,19.7
Washington,1,twi,19.7
Washington,1,mainstream,19.7
Washington,2,twi,21.0
Washington,2,twi,21.0
Washington,2,mainstream,21.0
Washington,3,twi,16.0
Washington,3,twi,16.0
Washington,3,mainstream,16.0
Washington,3,mainstream,16.0
Washington,4,twi,15.5
Washington,4,twi,15.5
Washington,4,mainstream,15.5
Washington,4,mainstream,15.5
Washington,5,twi,20.2
Washington,5,twi,20.2
Washington,5,mainstream,20.2
Washington,5,mainstream,20.2
Willard,K,mainstream,20.0
Willard,K,mainstream,20.0
Willard,1,mainstream,21.5
Willard,1,mainstream,21.5
Willard,2,mainstream,22.0
Willard,2,mainstream,22.0
Willard,3,mainstream,17.7
Willard,3,mainstream,17.7
Willard,3,mainstream,17.7
Willard,4,mainstream,23.0
Willard,4,mainstream,23.0
Willard,5,mainstream,23.5
Willard,5,mainstream,23.5
